,theory_of_mind,Run,Regular average,Regular times,Time steps,ToM average,ToM times,N,width,height,panic_dynamic,save_plots
0,0,0,36.7375,"[3, 4, 5, 5, 6, 7, 7, 7, 8, 8, 10, 10, 11, 12, 12, 13, 13, 13, 15, 15, 15, 17, 17, 17, 18, 18, 19, 19, 20, 21, 21, 21, 22, 22, 23, 24, 24, 25, 26, 26, 27, 28, 28, 30, 30, 30, 32, 32, 32, 34, 34, 34, 34, 35, 36, 36, 37, 38, 38, 39, 40, 40, 42, 47, 48, 49, 51, 53, 55, 57, 59, 87, 114, 126, 128, 132, 134, 136, 138, 140]",141,0.0,[],80,500,1000,"[2, 7]",False
1,0,1,88.6875,"[5, 7, 7, 8, 9, 9, 11, 11, 12, 13, 13, 14, 14, 14, 15, 16, 16, 16, 17, 18, 19, 19, 20, 20, 20, 22, 23, 23, 23, 25, 26, 26, 28, 28, 30, 32, 32, 34, 34, 36, 38, 38, 40, 46, 67, 77, 99, 104, 108, 110, 112, 114, 115, 116, 121, 127, 136, 137, 145, 149, 153, 157, 163, 168, 181, 189, 197, 207, 209, 211, 223, 232, 241, 249, 254, 256, 258, 260, 261, 262]",263,0.0,[],80,500,1000,"[2, 7]",False
2,0,2,112.3125,"[0, 0, 4, 4, 4, 5, 7, 7, 7, 8, 8, 9, 9, 10, 11, 11, 13, 13, 15, 15, 16, 17, 17, 18, 20, 20, 23, 25, 28, 30, 34, 35, 37, 38, 46, 50, 63, 78, 103, 105, 131, 143, 152, 154, 156, 158, 160, 162, 162, 163, 165, 171, 181, 183, 185, 187, 189, 190, 191, 192, 193, 194, 195, 197, 199, 206, 222, 226, 230, 236, 248, 249, 250, 253, 255, 256, 257, 259, 261, 261]",262,0.0,[],80,500,1000,"[2, 7]",False
3,0,3,55.35,"[3, 3, 4, 5, 6, 6, 6, 7, 8, 9, 10, 10, 11, 11, 12, 13, 14, 14, 15, 16, 16, 17, 17, 18, 18, 19, 20, 20, 20, 21, 22, 22, 23, 24, 24, 25, 25, 26, 27, 27, 28, 29, 30, 30, 32, 34, 35, 36, 37, 38, 40, 41, 47, 49, 53, 57, 61, 67, 70, 77, 87, 90, 92, 94, 95, 95, 97, 99, 104, 125, 139, 162, 183, 202, 204, 208, 209, 211, 213, 214]",215,0.0,[],80,500,1000,"[2, 7]",False
4,0,4,68.6875,"[2, 2, 4, 5, 6, 7, 7, 9, 9, 9, 12, 12, 13, 13, 14, 15, 15, 16, 16, 16, 17, 18, 18, 20, 20, 20, 21, 22, 23, 24, 24, 25, 25, 25, 27, 27, 29, 29, 31, 33, 35, 37, 38, 38, 40, 41, 42, 44, 44, 47, 47, 48, 49, 49, 51, 53, 67, 75, 81, 82, 104, 119, 125, 127, 129, 130, 132, 133, 134, 135, 169, 246, 257, 259, 264, 265, 267, 269, 271, 272]",273,0.0,[],80,500,1000,"[2, 7]",False
5,1,5,41.835443037974684,"[4, 5, 6, 6, 8, 8, 8, 9, 9, 10, 10, 12, 12, 13, 13, 14, 14, 15, 15, 16, 17, 18, 19, 19, 20, 21, 21, 21, 22, 23, 24, 25, 26, 28, 28, 30, 31, 31, 32, 33, 34, 35, 35, 36, 37, 38, 39, 41, 41, 41, 43, 43, 45, 47, 47, 49, 52, 52, 54, 56, 56, 58, 58, 60, 62, 63, 66, 77, 89, 104, 106, 111, 113, 116, 118, 120, 121, 123, 123]",124,18.0,[18],80,500,1000,"[2, 7]",False
6,1,6,41.835443037974684,"[2, 3, 3, 4, 4, 5, 6, 8, 8, 8, 9, 10, 10, 11, 12, 12, 14, 15, 15, 16, 17, 17, 18, 19, 19, 19, 20, 21, 22, 22, 22, 24, 24, 26, 28, 28, 28, 30, 30, 32, 32, 33, 34, 34, 36, 38, 39, 41, 42, 42, 46, 47, 48, 50, 52, 53, 54, 55, 56, 70, 72, 75, 77, 79, 81, 83, 83, 85, 87, 93, 95, 98, 100, 104, 106, 108, 110, 112, 114]",115,30.0,[30],80,500,1000,"[2, 7]",False
7,1,7,54.063291139240505,"[3, 4, 5, 6, 6, 7, 7, 9, 9, 9, 10, 11, 12, 13, 14, 15, 16, 18, 18, 18, 19, 20, 20, 21, 23, 23, 25, 26, 28, 28, 30, 32, 32, 33, 35, 35, 37, 37, 45, 46, 48, 49, 50, 53, 58, 59, 60, 60, 61, 63, 63, 65, 68, 70, 72, 73, 74, 75, 75, 76, 78, 87, 89, 91, 101, 111, 113, 116, 117, 118, 120, 122, 127, 129, 131, 133, 135, 137, 139]",140,25.0,[25],80,500,1000,"[2, 7]",False
8,1,8,58.22784810126582,"[5, 5, 7, 8, 8, 9, 10, 10, 11, 11, 12, 12, 13, 14, 14, 14, 14, 15, 16, 16, 17, 17, 18, 18, 19, 20, 20, 21, 21, 21, 22, 24, 24, 25, 26, 26, 28, 29, 30, 32, 34, 36, 40, 43, 47, 59, 62, 73, 74, 75, 76, 78, 83, 87, 90, 91, 94, 96, 101, 104, 105, 105, 108, 109, 109, 110, 111, 111, 113, 129, 131, 139, 149, 151, 155, 157, 159, 161, 163]",164,27.0,[27],80,500,1000,"[2, 7]",False
9,1,9,55.53164556962025,"[2, 3, 4, 4, 5, 6, 6, 7, 7, 9, 9, 9, 10, 11, 11, 11, 13, 13, 14, 15, 15, 16, 16, 18, 18, 19, 20, 21, 23, 23, 25, 27, 27, 29, 31, 31, 33, 34, 36, 38, 38, 40, 40, 46, 48, 52, 55, 56, 57, 58, 58, 60, 62, 63, 64, 65, 66, 72, 74, 76, 79, 81, 100, 104, 109, 113, 125, 127, 129, 131, 133, 149, 162, 166, 169, 170, 172, 174, 175]",176,13.0,[13],80,500,1000,"[2, 7]",False
10,2,10,100.46153846153847,"[2, 3, 3, 4, 6, 8, 8, 8, 9, 10, 10, 11, 11, 12, 13, 13, 14, 14, 15, 15, 16, 16, 17, 17, 17, 19, 20, 21, 22, 23, 27, 28, 29, 37, 38, 44, 58, 59, 61, 62, 69, 69, 71, 72, 74, 89, 91, 100, 113, 118, 120, 127, 134, 137, 139, 146, 147, 164, 170, 174, 181, 183, 184, 184, 185, 187, 234, 253, 277, 285, 307, 312, 316, 318, 319, 321, 322, 324]",325,66.0,"[25, 107]",80,500,1000,"[2, 7]",False
11,2,11,121.88461538461539,"[2, 2, 4, 4, 7, 9, 11, 12, 17, 20, 21, 22, 23, 27, 29, 31, 33, 34, 36, 38, 49, 55, 57, 75, 75, 83, 85, 91, 92, 95, 102, 105, 113, 114, 116, 118, 119, 122, 123, 124, 132, 147, 149, 151, 155, 157, 157, 161, 163, 166, 168, 170, 170, 172, 174, 174, 176, 178, 187, 188, 190, 192, 194, 195, 199, 205, 211, 215, 219, 225, 226, 228, 230, 234, 236, 238, 240, 240]",241,88.0,"[23, 153]",80,500,1000,"[2, 7]",False
12,2,12,49.67948717948718,"[3, 3, 4, 6, 6, 7, 7, 8, 8, 9, 10, 11, 11, 12, 12, 12, 13, 13, 14, 15, 16, 17, 17, 17, 18, 19, 19, 19, 21, 23, 24, 24, 27, 28, 29, 30, 31, 31, 33, 33, 34, 35, 37, 39, 40, 41, 42, 44, 44, 45, 46, 47, 49, 49, 50, 50, 51, 52, 52, 53, 55, 61, 62, 63, 64, 65, 66, 91, 96, 136, 150, 191, 194, 199, 201, 205, 207, 209]",210,113.5,"[24, 203]",80,500,1000,"[2, 7]",False
13,2,13,55.02564102564103,"[3, 5, 6, 7, 8, 8, 8, 8, 9, 9, 10, 12, 12, 13, 14, 14, 14, 15, 16, 17, 17, 18, 18, 19, 19, 19, 20, 20, 21, 21, 22, 22, 23, 23, 23, 23, 24, 25, 25, 27, 29, 30, 30, 31, 32, 33, 35, 35, 37, 37, 38, 38, 39, 40, 41, 42, 42, 44, 44, 48, 50, 52, 54, 56, 76, 87, 113, 127, 207, 209, 226, 229, 230, 234, 237, 239, 241, 243]",244,18.5,"[3, 34]",80,500,1000,"[2, 7]",False
14,2,14,81.32051282051282,"[3, 3, 5, 7, 7, 8, 9, 9, 10, 11, 11, 12, 13, 13, 14, 14, 14, 15, 16, 17, 17, 19, 19, 19, 20, 21, 21, 22, 22, 23, 24, 26, 26, 29, 30, 31, 32, 36, 38, 40, 40, 42, 45, 46, 47, 47, 49, 49, 51, 52, 53, 54, 56, 58, 59, 61, 62, 63, 65, 66, 68, 72, 77, 165, 169, 173, 202, 215, 247, 291, 350, 354, 358, 360, 361, 362, 364, 364]",365,138.5,"[18, 259]",80,500,1000,"[2, 7]",False
15,3,15,123.72727272727273,"[5, 6, 6, 8, 8, 9, 10, 10, 10, 11, 12, 13, 14, 15, 15, 17, 17, 17, 20, 22, 24, 26, 28, 30, 32, 35, 35, 37, 39, 46, 52, 57, 63, 68, 90, 92, 96, 108, 112, 116, 136, 143, 144, 156, 159, 168, 170, 172, 173, 175, 176, 176, 187, 197, 202, 203, 207, 209, 211, 212, 214, 214, 217, 225, 252, 254, 257, 265, 282, 286, 289, 290, 293, 293, 295, 296, 298]",299,67.0,"[19, 88, 94]",80,500,1000,"[2, 7]",False
16,3,16,64.37662337662337,"[2, 2, 4, 5, 5, 6, 7, 8, 9, 9, 9, 10, 10, 11, 13, 13, 13, 13, 15, 16, 17, 18, 20, 22, 22, 22, 24, 25, 27, 28, 28, 30, 33, 35, 36, 36, 37, 38, 39, 40, 40, 42, 42, 44, 46, 47, 48, 50, 50, 52, 54, 57, 59, 61, 61, 69, 88, 94, 96, 105, 110, 112, 115, 117, 119, 121, 137, 161, 173, 207, 222, 229, 231, 233, 235, 236, 237]",238,25.0,"[15, 16, 44]",80,500,1000,"[2, 7]",False
17,3,17,111.01298701298701,"[3, 7, 7, 8, 8, 8, 9, 10, 10, 12, 12, 13, 13, 15, 15, 17, 17, 17, 19, 20, 24, 26, 28, 28, 29, 30, 37, 39, 46, 50, 61, 63, 63, 65, 67, 69, 69, 71, 71, 72, 73, 84, 86, 92, 106, 109, 114, 127, 134, 142, 146, 152, 154, 160, 165, 167, 171, 181, 188, 191, 197, 200, 203, 207, 208, 209, 209, 214, 305, 307, 318, 324, 327, 329, 331, 333, 337]",338,187.33333333333334,"[22, 205, 335]",80,500,1000,"[2, 7]",False
18,3,18,51.688311688311686,"[4, 4, 6, 7, 8, 8, 8, 9, 10, 10, 10, 13, 13, 15, 15, 16, 18, 18, 18, 20, 20, 21, 23, 26, 27, 28, 28, 30, 30, 32, 32, 33, 34, 36, 36, 37, 38, 39, 40, 43, 43, 43, 43, 45, 45, 47, 48, 49, 51, 57, 59, 59, 61, 63, 65, 67, 79, 82, 84, 87, 89, 91, 93, 95, 99, 105, 109, 112, 114, 117, 119, 123, 131, 133, 135, 137, 138]",139,56.666666666666664,"[16, 27, 127]",80,500,1000,"[2, 7]",False
19,3,19,73.62337662337663,"[4, 5, 7, 7, 8, 9, 9, 10, 11, 11, 11, 13, 13, 14, 15, 15, 15, 17, 17, 19, 20, 20, 21, 24, 24, 24, 26, 26, 28, 28, 28, 29, 30, 30, 32, 32, 34, 34, 40, 47, 47, 56, 65, 68, 70, 72, 75, 78, 79, 81, 83, 84, 86, 96, 98, 100, 104, 106, 110, 117, 143, 146, 155, 157, 160, 162, 164, 166, 176, 181, 219, 222, 224, 226, 227, 229, 230]",231,53.666666666666664,"[2, 9, 150]",80,500,1000,"[2, 7]",False
20,4,20,130.25,"[3, 4, 5, 8, 8, 10, 10, 10, 11, 12, 12, 14, 14, 14, 15, 16, 16, 17, 18, 18, 19, 20, 21, 25, 27, 28, 31, 31, 35, 37, 42, 42, 43, 46, 46, 76, 87, 88, 94, 98, 102, 105, 109, 121, 133, 137, 147, 148, 155, 159, 173, 181, 185, 197, 204, 208, 211, 213, 215, 217, 219, 219, 221, 267, 271, 276, 286, 375, 378, 404, 411, 414, 415, 416, 417, 419]",420,140.0,"[33, 40, 94, 393]",80,500,1000,"[2, 7]",False
21,4,21,67.69736842105263,"[3, 4, 4, 6, 6, 9, 9, 9, 10, 11, 11, 13, 14, 15, 15, 16, 17, 17, 19, 19, 19, 20, 21, 21, 22, 22, 22, 23, 24, 25, 26, 26, 28, 29, 31, 31, 32, 32, 33, 33, 34, 36, 40, 41, 45, 47, 48, 50, 52, 53, 55, 59, 62, 63, 64, 65, 66, 68, 69, 99, 101, 103, 140, 143, 145, 167, 169, 229, 246, 256, 258, 261, 263, 265, 267, 269]",270,76.25,"[16, 29, 34, 226]",80,500,1000,"[2, 7]",False
22,4,22,58.55263157894737,"[3, 4, 5, 8, 8, 9, 10, 10, 10, 12, 12, 13, 14, 14, 15, 16, 16, 16, 17, 18, 18, 19, 21, 21, 22, 23, 23, 24, 25, 26, 27, 27, 28, 29, 30, 30, 32, 34, 36, 38, 40, 41, 42, 43, 44, 46, 48, 50, 52, 54, 70, 71, 76, 81, 84, 85, 86, 87, 88, 90, 91, 91, 93, 123, 126, 128, 131, 135, 152, 171, 180, 192, 196, 198, 200, 202]",203,119.25,"[25, 68, 190, 194]",80,500,1000,"[2, 7]",False
23,4,23,62.78947368421053,"[4, 5, 5, 7, 7, 8, 9, 9, 9, 10, 11, 11, 12, 12, 13, 14, 15, 18, 18, 18, 20, 20, 20, 21, 23, 23, 25, 27, 28, 29, 30, 31, 32, 33, 34, 36, 38, 38, 40, 42, 43, 44, 47, 49, 49, 51, 52, 54, 56, 57, 59, 59, 62, 64, 66, 68, 69, 70, 94, 103, 105, 114, 129, 134, 136, 139, 163, 166, 180, 197, 208, 212, 214, 216, 218, 220]",221,57.75,"[2, 4, 22, 203]",80,500,1000,"[2, 7]",False
24,4,24,70.36842105263158,"[3, 5, 7, 8, 9, 10, 11, 12, 13, 13, 14, 16, 16, 16, 18, 18, 19, 19, 20, 21, 21, 21, 22, 23, 23, 24, 25, 26, 26, 27, 28, 29, 30, 31, 31, 32, 33, 34, 35, 36, 37, 38, 38, 39, 40, 40, 41, 43, 45, 47, 49, 58, 65, 79, 86, 89, 95, 98, 100, 103, 105, 106, 108, 142, 149, 153, 175, 206, 208, 248, 275, 278, 282, 284, 286, 288]",289,97.25,"[23, 42, 44, 280]",80,500,1000,"[2, 7]",False
25,5,25,93.25333333333333,"[3, 4, 4, 5, 5, 6, 6, 7, 7, 8, 9, 10, 10, 11, 11, 12, 12, 13, 14, 14, 15, 16, 16, 17, 18, 18, 19, 21, 21, 21, 23, 23, 25, 27, 27, 28, 29, 31, 33, 33, 35, 35, 37, 39, 42, 44, 46, 48, 71, 95, 134, 137, 140, 145, 147, 149, 150, 152, 153, 160, 180, 220, 232, 234, 260, 275, 311, 321, 324, 336, 338, 340, 342, 344, 346]",347,51.4,"[3, 17, 19, 29, 189]",80,500,1000,"[2, 7]",False
26,5,26,40.346666666666664,"[2, 2, 3, 4, 5, 6, 6, 6, 8, 9, 9, 11, 11, 12, 12, 13, 14, 14, 15, 15, 15, 16, 17, 17, 18, 18, 18, 19, 19, 20, 20, 21, 22, 23, 24, 24, 25, 27, 28, 29, 31, 32, 33, 35, 37, 39, 40, 41, 43, 43, 45, 45, 47, 47, 49, 51, 56, 69, 74, 78, 80, 82, 84, 87, 90, 93, 99, 103, 108, 109, 110, 111, 112, 113, 113]",114,41.6,"[18, 22, 37, 45, 86]",80,500,1000,"[2, 7]",False
27,5,27,63.77333333333333,"[3, 4, 5, 6, 7, 8, 10, 10, 10, 12, 14, 14, 14, 15, 15, 15, 16, 16, 17, 17, 18, 19, 21, 21, 21, 21, 23, 23, 24, 25, 26, 27, 28, 28, 31, 33, 34, 35, 35, 37, 39, 41, 41, 43, 43, 44, 45, 49, 50, 52, 63, 72, 82, 84, 95, 98, 105, 108, 111, 115, 116, 118, 119, 121, 136, 158, 165, 171, 211, 216, 220, 221, 223, 224, 226]",227,22.6,"[12, 19, 19, 30, 33]",80,500,1000,"[2, 7]",False
28,5,28,73.41333333333333,"[3, 4, 4, 5, 7, 7, 7, 8, 8, 12, 13, 13, 14, 15, 15, 17, 17, 17, 18, 18, 20, 21, 22, 22, 24, 24, 24, 25, 26, 26, 27, 28, 30, 31, 32, 33, 34, 35, 37, 37, 40, 42, 44, 46, 50, 51, 52, 54, 56, 58, 60, 65, 82, 91, 116, 125, 140, 150, 161, 168, 172, 174, 175, 176, 178, 179, 184, 186, 202, 237, 239, 241, 242, 244, 246]",247,74.6,"[11, 20, 28, 79, 235]",80,500,1000,"[2, 7]",False
29,5,29,79.62666666666667,"[0, 3, 4, 4, 5, 5, 5, 7, 8, 8, 9, 10, 11, 13, 15, 15, 17, 19, 20, 21, 21, 23, 23, 24, 26, 28, 34, 36, 37, 43, 46, 46, 48, 56, 64, 70, 74, 79, 83, 87, 91, 95, 97, 98, 99, 102, 108, 109, 112, 121, 122, 123, 125, 129, 136, 139, 144, 147, 148, 150, 151, 152, 154, 154, 156, 156, 158, 161, 163, 167, 169, 170, 171, 173, 175]",176,86.2,"[25, 49, 72, 136, 149]",80,500,1000,"[2, 7]",False
30,6,30,78.9054054054054,"[2, 3, 4, 5, 5, 6, 6, 7, 8, 8, 9, 9, 10, 10, 11, 12, 12, 13, 14, 14, 15, 15, 17, 17, 17, 18, 18, 18, 19, 19, 19, 20, 21, 21, 22, 22, 24, 24, 26, 27, 28, 30, 30, 32, 34, 36, 40, 42, 46, 48, 50, 52, 54, 56, 68, 79, 105, 107, 116, 129, 137, 157, 222, 294, 298, 303, 309, 316, 321, 342, 344, 346, 350, 351]",352,77.66666666666667,"[5, 12, 25, 32, 44, 348]",80,500,1000,"[2, 7]",False
31,6,31,65.28378378378379,"[1, 3, 4, 7, 7, 7, 8, 8, 9, 9, 10, 12, 12, 12, 13, 13, 14, 14, 15, 16, 17, 17, 18, 19, 20, 20, 22, 22, 22, 22, 23, 25, 27, 27, 29, 29, 30, 30, 31, 32, 32, 32, 34, 35, 41, 47, 48, 56, 88, 92, 100, 103, 110, 117, 123, 126, 132, 137, 137, 139, 142, 144, 144, 146, 148, 149, 181, 185, 192, 195, 197, 199, 201, 203]",204,45.5,"[4, 5, 22, 43, 49, 150]",80,500,1000,"[2, 7]",False
32,6,32,57.12162162162162,"[2, 4, 5, 6, 7, 8, 8, 9, 10, 10, 10, 12, 14, 14, 16, 17, 18, 18, 18, 20, 21, 21, 22, 23, 24, 27, 28, 29, 31, 32, 37, 38, 39, 39, 41, 42, 46, 48, 48, 50, 52, 52, 54, 55, 56, 56, 57, 59, 60, 60, 61, 64, 66, 66, 68, 70, 72, 74, 75, 77, 80, 82, 84, 86, 94, 96, 173, 185, 191, 193, 197, 198, 200, 202]",203,30.666666666666668,"[9, 12, 20, 23, 58, 62]",80,500,1000,"[2, 7]",False
33,6,33,60.86486486486486,"[2, 2, 4, 5, 6, 7, 9, 9, 9, 11, 12, 12, 13, 14, 15, 17, 17, 17, 18, 19, 19, 20, 21, 21, 22, 23, 26, 28, 30, 31, 32, 35, 35, 36, 38, 39, 39, 39, 42, 47, 51, 53, 57, 59, 65, 67, 68, 69, 71, 73, 74, 76, 78, 83, 88, 97, 97, 101, 111, 115, 117, 117, 119, 121, 123, 124, 130, 174, 176, 178, 180, 182, 184, 185]",186,71.66666666666667,"[14, 16, 77, 104, 106, 113]",80,500,1000,"[2, 7]",False
34,6,34,53.45945945945946,"[5, 5, 5, 7, 7, 7, 8, 9, 10, 11, 11, 11, 13, 13, 13, 15, 17, 17, 17, 19, 20, 20, 21, 21, 21, 21, 23, 24, 24, 25, 25, 26, 26, 27, 27, 29, 29, 30, 31, 31, 32, 34, 34, 34, 35, 36, 38, 41, 41, 44, 59, 82, 86, 88, 88, 91, 93, 95, 97, 99, 101, 102, 109, 111, 134, 141, 150, 152, 158, 162, 164, 166, 168, 170]",171,32.333333333333336,"[3, 3, 15, 23, 28, 122]",80,500,1000,"[2, 7]",False
35,7,35,45.15068493150685,"[4, 4, 5, 6, 7, 8, 8, 9, 10, 12, 15, 15, 16, 17, 17, 18, 19, 19, 20, 20, 22, 22, 22, 23, 25, 25, 26, 27, 27, 27, 28, 29, 29, 30, 31, 31, 31, 32, 33, 34, 35, 36, 37, 38, 39, 41, 41, 43, 43, 45, 46, 49, 51, 52, 53, 55, 55, 57, 57, 71, 84, 87, 108, 113, 117, 119, 126, 128, 131, 131, 134, 135, 136]",137,20.428571428571427,"[10, 10, 10, 20, 25, 33, 35]",80,500,1000,"[2, 7]",False
36,7,36,37.95890410958904,"[4, 6, 6, 7, 8, 8, 9, 9, 11, 11, 11, 13, 13, 15, 16, 18, 20, 20, 21, 21, 22, 24, 24, 24, 24, 25, 27, 27, 28, 28, 29, 29, 30, 31, 31, 32, 32, 33, 33, 34, 35, 36, 37, 38, 38, 40, 42, 44, 46, 50, 51, 53, 54, 55, 57, 58, 59, 61, 63, 64, 66, 67, 69, 69, 71, 72, 73, 75, 78, 81, 83, 85, 87]",88,38.857142857142854,"[16, 18, 22, 39, 49, 60, 68]",80,500,1000,"[2, 7]",False
37,7,37,63.0958904109589,"[2, 3, 4, 5, 7, 9, 9, 11, 11, 12, 13, 14, 14, 15, 15, 16, 17, 17, 18, 18, 19, 19, 21, 21, 22, 22, 23, 23, 23, 24, 25, 26, 26, 27, 28, 28, 30, 32, 34, 34, 36, 39, 42, 45, 47, 50, 52, 53, 55, 57, 58, 59, 63, 64, 67, 69, 71, 73, 75, 77, 100, 116, 146, 153, 155, 157, 251, 267, 271, 273, 274, 275, 279]",280,72.28571428571429,"[7, 9, 39, 46, 61, 67, 277]",80,500,1000,"[2, 7]",False
38,7,38,85.34246575342466,"[3, 5, 5, 6, 7, 7, 7, 8, 9, 9, 10, 10, 12, 13, 13, 14, 15, 16, 16, 16, 17, 18, 20, 20, 21, 23, 23, 24, 27, 31, 33, 34, 37, 38, 40, 47, 52, 66, 66, 68, 72, 73, 75, 77, 79, 79, 82, 84, 91, 109, 156, 156, 162, 179, 181, 182, 185, 189, 198, 201, 203, 203, 205, 205, 207, 208, 209, 210, 210, 212, 212, 214, 216]",217,43.42857142857143,"[11, 19, 25, 30, 51, 80, 88]",80,500,1000,"[2, 7]",False
39,7,39,110.41095890410959,"[1, 4, 4, 5, 6, 6, 7, 8, 9, 9, 10, 11, 12, 15, 15, 15, 15, 17, 17, 19, 21, 22, 23, 24, 25, 31, 33, 40, 41, 46, 51, 54, 56, 57, 60, 61, 61, 63, 65, 66, 68, 70, 71, 77, 83, 106, 108, 109, 118, 151, 163, 167, 172, 179, 191, 206, 215, 219, 221, 223, 225, 227, 229, 257, 301, 338, 345, 348, 351, 352, 354, 355, 356]",357,72.71428571428571,"[13, 17, 20, 20, 27, 63, 349]",80,500,1000,"[2, 7]",False
40,8,40,86.27777777777777,"[3, 4, 5, 5, 6, 7, 7, 8, 9, 9, 10, 10, 12, 12, 15, 16, 16, 17, 18, 18, 19, 20, 20, 21, 21, 22, 25, 25, 25, 26, 27, 30, 31, 31, 31, 33, 33, 34, 35, 35, 36, 37, 37, 39, 40, 41, 43, 43, 45, 48, 50, 52, 54, 56, 58, 72, 76, 88, 142, 148, 168, 177, 324, 340, 399, 403, 404, 405, 406, 408, 410, 412]",414,105.125,"[2, 13, 14, 19, 47, 125, 208, 413]",80,500,1000,"[2, 7]",False
41,8,41,87.61111111111111,"[2, 4, 5, 6, 8, 8, 8, 9, 10, 11, 14, 14, 14, 15, 15, 15, 17, 19, 19, 20, 21, 22, 23, 25, 28, 30, 32, 38, 46, 53, 59, 61, 62, 72, 74, 79, 81, 84, 90, 94, 100, 102, 106, 108, 110, 111, 114, 115, 120, 123, 125, 126, 127, 128, 128, 168, 172, 174, 176, 178, 179, 182, 184, 186, 188, 189, 189, 213, 217, 219, 220, 224]",226,125.25,"[9, 36, 57, 96, 170, 187, 222, 225]",80,500,1000,"[2, 7]",False
42,8,42,83.72222222222223,"[4, 6, 7, 8, 8, 8, 8, 9, 10, 10, 11, 11, 13, 13, 14, 15, 17, 17, 17, 18, 19, 19, 22, 23, 24, 24, 25, 26, 28, 28, 29, 31, 33, 35, 35, 39, 40, 42, 52, 87, 89, 95, 100, 103, 104, 109, 113, 117, 139, 142, 142, 147, 155, 155, 159, 166, 170, 172, 175, 180, 180, 182, 184, 186, 188, 196, 206, 213, 215, 217, 221, 223]",224,79.375,"[13, 15, 17, 61, 81, 98, 131, 219]",80,500,1000,"[2, 7]",False
43,8,43,41.486111111111114,"[4, 5, 6, 8, 9, 9, 10, 11, 12, 13, 13, 15, 15, 16, 16, 17, 17, 18, 19, 19, 20, 21, 21, 22, 23, 23, 24, 24, 25, 25, 26, 27, 27, 28, 29, 29, 30, 31, 31, 32, 33, 33, 35, 35, 36, 37, 37, 39, 40, 41, 41, 42, 43, 45, 47, 48, 51, 55, 57, 59, 61, 79, 82, 92, 120, 125, 128, 132, 134, 136, 137, 137]",138,25.75,"[7, 13, 16, 26, 33, 34, 38, 39]",80,500,1000,"[2, 7]",False
44,8,44,93.81944444444444,"[2, 2, 3, 4, 5, 5, 6, 7, 8, 9, 11, 11, 12, 12, 14, 17, 17, 18, 19, 20, 21, 22, 22, 23, 24, 24, 25, 26, 28, 28, 30, 30, 32, 34, 36, 38, 44, 48, 60, 63, 65, 67, 69, 73, 74, 75, 77, 83, 88, 108, 112, 116, 138, 155, 161, 163, 163, 164, 167, 168, 170, 239, 249, 274, 321, 326, 334, 337, 338, 340, 340, 341]",342,47.125,"[14, 16, 18, 21, 28, 44, 71, 165]",80,500,1000,"[2, 7]",False
45,9,45,58.563380281690144,"[1, 2, 4, 5, 7, 9, 9, 10, 10, 11, 12, 13, 14, 16, 18, 18, 20, 20, 20, 21, 22, 22, 23, 24, 24, 24, 26, 26, 26, 28, 28, 28, 29, 31, 31, 33, 34, 35, 36, 37, 38, 41, 43, 44, 45, 47, 49, 51, 53, 55, 56, 57, 85, 87, 92, 96, 99, 100, 101, 103, 153, 161, 173, 179, 181, 188, 190, 193, 195, 197, 199]",200,30.77777777777778,"[7, 13, 14, 17, 17, 30, 32, 49, 98]",80,500,1000,"[2, 7]",False
46,9,46,110.46478873239437,"[2, 4, 4, 4, 6, 6, 7, 8, 9, 9, 10, 10, 11, 12, 13, 15, 16, 17, 19, 21, 25, 26, 27, 31, 33, 33, 34, 35, 36, 37, 38, 45, 47, 50, 56, 59, 60, 61, 62, 64, 64, 65, 71, 85, 94, 109, 128, 132, 134, 136, 147, 162, 169, 193, 206, 227, 230, 234, 236, 238, 240, 241, 327, 343, 352, 364, 367, 370, 371, 372, 374]",376,146.55555555555554,"[48, 67, 96, 108, 137, 153, 162, 173, 375]",80,500,1000,"[2, 7]",False
47,9,47,128.7887323943662,"[2, 4, 4, 6, 6, 7, 7, 8, 8, 9, 10, 12, 12, 14, 16, 16, 16, 18, 19, 21, 23, 25, 27, 30, 32, 34, 36, 38, 39, 41, 42, 45, 47, 47, 49, 49, 53, 63, 101, 103, 110, 142, 152, 164, 170, 187, 234, 236, 238, 242, 244, 246, 254, 262, 272, 274, 276, 278, 280, 285, 295, 300, 304, 313, 316, 319, 320, 322, 323, 323, 324]",326,95.88888888888889,"[10, 14, 43, 48, 51, 52, 117, 203, 325]",80,500,1000,"[2, 7]",False
48,9,48,82.26760563380282,"[2, 4, 5, 5, 7, 8, 9, 9, 10, 10, 11, 11, 13, 15, 15, 15, 16, 17, 17, 18, 18, 19, 21, 21, 21, 22, 23, 23, 23, 25, 25, 26, 27, 29, 29, 29, 29, 31, 31, 34, 35, 36, 38, 40, 42, 42, 44, 48, 63, 65, 67, 70, 72, 79, 133, 137, 154, 183, 204, 207, 219, 223, 306, 312, 319, 323, 325, 329, 331, 335, 337]",338,73.11111111111111,"[6, 11, 11, 17, 19, 27, 74, 160, 333]",80,500,1000,"[2, 7]",False
49,9,49,102.8169014084507,"[3, 3, 4, 7, 7, 9, 10, 10, 11, 11, 12, 14, 14, 15, 15, 17, 17, 18, 19, 20, 21, 22, 25, 30, 30, 31, 32, 35, 38, 66, 68, 70, 76, 77, 85, 95, 100, 104, 107, 108, 110, 112, 114, 118, 133, 141, 143, 144, 160, 163, 167, 169, 172, 173, 174, 174, 176, 176, 179, 183, 184, 185, 204, 250, 272, 273, 275, 277, 279, 281, 283]",284,128.0,"[31, 70, 72, 123, 160, 165, 172, 178, 181]",80,500,1000,"[2, 7]",False
50,10,50,100.14285714285714,"[4, 6, 6, 7, 8, 8, 10, 10, 10, 12, 13, 14, 14, 15, 16, 17, 18, 20, 20, 21, 21, 24, 24, 25, 27, 27, 28, 30, 30, 34, 34, 35, 36, 38, 38, 43, 44, 48, 52, 54, 56, 58, 60, 77, 86, 100, 127, 135, 141, 146, 174, 198, 206, 215, 221, 247, 254, 256, 260, 263, 264, 265, 267, 274, 277, 282, 287, 289, 291, 293]",294,110.7,"[12, 15, 20, 32, 46, 61, 117, 258, 262, 284]",80,500,1000,"[2, 7]",False
51,10,51,112.51428571428572,"[3, 4, 4, 5, 7, 8, 10, 10, 10, 12, 12, 12, 12, 14, 15, 17, 17, 18, 20, 22, 22, 24, 25, 26, 26, 30, 35, 39, 40, 40, 41, 43, 44, 45, 46, 46, 49, 53, 76, 88, 91, 117, 125, 136, 148, 152, 161, 167, 173, 175, 177, 177, 205, 205, 212, 219, 224, 226, 242, 248, 254, 289, 318, 322, 334, 337, 339, 341, 345, 347]",348,127.8,"[4, 15, 18, 41, 48, 130, 222, 228, 229, 343]",80,500,1000,"[2, 7]",False
52,10,52,59.77142857142857,"[0, 4, 6, 6, 7, 8, 9, 10, 11, 12, 12, 14, 14, 14, 15, 16, 16, 17, 17, 18, 19, 19, 19, 19, 21, 21, 21, 23, 23, 25, 25, 26, 27, 28, 29, 30, 31, 31, 34, 35, 42, 46, 49, 49, 52, 53, 58, 61, 63, 65, 67, 72, 77, 79, 83, 85, 87, 94, 105, 107, 130, 147, 192, 209, 225, 227, 229, 231, 233, 235]",238,69.7,"[9, 24, 38, 46, 56, 64, 65, 77, 81, 237]",80,500,1000,"[2, 7]",False
53,10,53,85.88571428571429,"[3, 4, 5, 5, 6, 7, 7, 8, 8, 9, 9, 10, 11, 12, 12, 12, 13, 16, 17, 17, 19, 20, 21, 24, 26, 28, 30, 31, 34, 36, 40, 40, 41, 56, 58, 62, 66, 83, 88, 89, 99, 101, 103, 105, 106, 109, 110, 112, 114, 117, 118, 119, 120, 121, 122, 146, 165, 172, 181, 186, 193, 201, 208, 249, 254, 256, 258, 260, 261, 263]",264,100.1,"[7, 22, 31, 87, 97, 99, 119, 121, 176, 242]",80,500,1000,"[2, 7]",False
54,10,54,67.85714285714286,"[3, 3, 3, 4, 4, 5, 5, 6, 7, 7, 7, 7, 8, 10, 10, 10, 12, 12, 13, 14, 14, 14, 16, 17, 19, 19, 19, 20, 21, 21, 23, 23, 25, 25, 26, 27, 27, 28, 29, 31, 34, 38, 40, 41, 44, 59, 64, 66, 68, 75, 77, 80, 84, 86, 88, 90, 99, 106, 138, 147, 197, 213, 259, 267, 277, 279, 281, 285, 286, 288]",289,87.5,"[9, 12, 21, 25, 36, 82, 127, 134, 146, 283]",80,500,1000,"[2, 7]",False
55,11,55,73.79710144927536,"[2, 3, 5, 6, 7, 7, 8, 9, 9, 10, 10, 12, 13, 14, 14, 14, 15, 16, 16, 16, 19, 19, 21, 21, 22, 25, 25, 26, 35, 36, 38, 44, 44, 51, 74, 74, 76, 87, 87, 87, 89, 95, 99, 101, 103, 105, 105, 106, 107, 109, 119, 121, 126, 126, 129, 141, 154, 159, 161, 165, 166, 166, 168, 170, 173, 175, 177, 179, 181]",182,70.45454545454545,"[11, 23, 25, 29, 76, 78, 85, 91, 97, 97, 163]",80,500,1000,"[2, 7]",False
56,11,56,96.30434782608695,"[0, 2, 3, 5, 5, 6, 8, 9, 10, 11, 11, 12, 13, 14, 15, 16, 17, 17, 19, 20, 22, 24, 25, 26, 27, 36, 42, 44, 48, 50, 56, 94, 96, 96, 98, 102, 106, 109, 109, 124, 129, 131, 131, 133, 135, 137, 143, 144, 154, 159, 161, 164, 174, 175, 176, 178, 178, 180, 182, 183, 185, 190, 206, 219, 226, 227, 231, 233, 234]",235,110.0,"[7, 29, 61, 75, 75, 104, 107, 142, 173, 208, 229]",80,500,1000,"[2, 7]",False
57,11,57,46.79710144927536,"[2, 2, 4, 5, 6, 7, 8, 8, 10, 10, 11, 12, 12, 13, 13, 14, 15, 15, 16, 16, 18, 18, 18, 19, 19, 19, 20, 21, 23, 23, 23, 25, 27, 27, 28, 30, 35, 37, 38, 38, 38, 40, 42, 44, 44, 46, 48, 48, 50, 51, 53, 55, 61, 64, 66, 69, 72, 74, 75, 76, 115, 127, 145, 161, 168, 170, 172, 174, 176]",180,72.54545454545455,"[4, 14, 26, 32, 32, 67, 71, 77, 119, 177, 179]",80,500,1000,"[2, 7]",False
58,11,58,39.072463768115945,"[2, 2, 3, 4, 6, 6, 7, 8, 10, 10, 10, 11, 12, 13, 14, 15, 16, 17, 18, 18, 18, 19, 20, 20, 21, 21, 21, 23, 23, 24, 26, 28, 28, 30, 30, 31, 32, 34, 34, 35, 35, 36, 37, 39, 41, 42, 43, 43, 43, 44, 46, 47, 48, 50, 50, 52, 54, 56, 60, 63, 75, 81, 83, 94, 138, 141, 143, 145, 147]",150,40.90909090909091,"[6, 8, 13, 15, 17, 22, 24, 26, 39, 131, 149]",80,500,1000,"[2, 7]",False
59,11,59,104.66666666666667,"[3, 3, 5, 5, 6, 7, 7, 8, 10, 10, 12, 14, 14, 15, 16, 19, 19, 21, 21, 21, 23, 23, 24, 25, 25, 26, 29, 30, 31, 32, 36, 44, 44, 61, 72, 82, 85, 89, 96, 98, 103, 105, 109, 110, 114, 115, 115, 117, 122, 128, 143, 200, 206, 241, 246, 250, 253, 255, 257, 260, 269, 274, 278, 286, 288, 290, 291, 292, 294]",295,108.0,"[8, 23, 27, 38, 52, 90, 101, 112, 221, 257, 259]",80,500,1000,"[2, 7]",False
60,12,60,73.57352941176471,"[4, 4, 5, 5, 7, 7, 8, 9, 10, 12, 15, 16, 17, 17, 17, 20, 22, 22, 23, 24, 24, 26, 28, 28, 30, 32, 32, 32, 34, 34, 36, 36, 38, 38, 41, 43, 45, 47, 50, 54, 56, 57, 58, 69, 89, 93, 104, 119, 125, 136, 140, 142, 144, 148, 156, 161, 167, 173, 177, 181, 183, 185, 187, 189, 191, 193, 193, 195]",196,67.5,"[3, 11, 13, 18, 21, 38, 52, 71, 73, 150, 169, 191]",80,500,1000,"[2, 7]",False
61,12,61,98.17647058823529,"[2, 3, 6, 6, 7, 8, 8, 10, 11, 12, 13, 13, 14, 15, 15, 16, 16, 16, 17, 18, 18, 19, 21, 21, 22, 23, 23, 23, 25, 25, 25, 27, 27, 28, 29, 29, 33, 40, 62, 73, 75, 82, 107, 109, 115, 124, 128, 132, 154, 157, 162, 168, 235, 240, 265, 267, 271, 271, 273, 273, 275, 277, 279, 280, 282, 284, 286, 286]",287,104.75,"[13, 19, 26, 33, 35, 67, 86, 106, 146, 211, 246, 269]",80,500,1000,"[2, 7]",False
62,12,62,83.26470588235294,"[2, 2, 4, 6, 8, 10, 11, 11, 12, 12, 14, 14, 16, 17, 18, 19, 20, 20, 21, 23, 25, 27, 29, 33, 35, 38, 51, 59, 67, 71, 73, 75, 85, 95, 97, 99, 101, 105, 105, 107, 107, 109, 112, 113, 116, 121, 123, 124, 125, 127, 127, 128, 130, 132, 133, 137, 144, 146, 148, 149, 151, 153, 188, 194, 195, 197, 197, 199]",200,46.166666666666664,"[6, 7, 10, 11, 13, 15, 22, 31, 40, 77, 142, 180]",80,500,1000,"[2, 7]",False
63,12,63,95.94117647058823,"[5, 6, 8, 9, 10, 10, 12, 13, 13, 13, 14, 14, 14, 16, 16, 19, 19, 20, 21, 22, 23, 24, 25, 26, 27, 29, 29, 31, 31, 35, 39, 40, 41, 42, 43, 43, 47, 52, 66, 75, 78, 79, 87, 89, 91, 92, 93, 125, 130, 135, 138, 146, 154, 165, 166, 170, 172, 225, 254, 306, 311, 319, 321, 324, 326, 327, 329, 330]",331,45.0,"[7, 8, 11, 15, 19, 20, 22, 22, 35, 49, 164, 168]",80,500,1000,"[2, 7]",False
64,12,64,81.42647058823529,"[2, 4, 5, 5, 7, 8, 8, 9, 9, 10, 11, 12, 12, 13, 13, 14, 15, 16, 16, 17, 19, 19, 19, 20, 21, 22, 24, 25, 25, 25, 31, 35, 36, 39, 40, 49, 54, 54, 56, 62, 67, 71, 74, 88, 89, 97, 104, 111, 133, 135, 138, 147, 151, 165, 178, 181, 187, 188, 190, 192, 233, 238, 245, 247, 249, 251, 253, 254]",255,71.25,"[13, 20, 23, 26, 33, 43, 46, 53, 79, 149, 184, 186]",80,500,1000,"[2, 7]",False
65,13,65,51.17910447761194,"[2, 5, 6, 7, 7, 8, 9, 9, 9, 11, 11, 12, 13, 14, 15, 15, 16, 17, 17, 18, 19, 20, 21, 23, 24, 25, 26, 26, 29, 30, 31, 32, 33, 35, 37, 42, 46, 50, 51, 56, 60, 64, 69, 73, 75, 79, 83, 85, 89, 91, 93, 95, 97, 99, 101, 101, 102, 103, 104, 104, 105, 106, 106, 113, 115, 119, 121]",122,58.30769230769231,"[5, 10, 13, 20, 25, 39, 44, 93, 95, 97, 99, 101, 117]",80,500,1000,"[2, 7]",False
66,13,66,60.46268656716418,"[7, 7, 7, 8, 10, 11, 12, 12, 12, 13, 14, 14, 15, 15, 16, 17, 17, 18, 19, 20, 21, 21, 22, 22, 23, 23, 23, 23, 24, 25, 26, 27, 28, 31, 33, 33, 34, 35, 38, 38, 39, 41, 43, 45, 47, 49, 52, 56, 58, 60, 71, 74, 76, 79, 83, 84, 86, 87, 185, 195, 226, 235, 247, 249, 255, 257, 258]",259,69.23076923076923,"[0, 3, 4, 4, 6, 9, 25, 37, 54, 81, 173, 251, 253]",80,500,1000,"[2, 7]",False
67,13,67,93.34328358208955,"[3, 3, 5, 6, 6, 7, 8, 8, 9, 9, 11, 11, 11, 13, 13, 14, 18, 20, 20, 22, 24, 24, 29, 30, 32, 34, 36, 38, 54, 55, 58, 66, 69, 71, 73, 82, 84, 84, 86, 88, 90, 93, 99, 127, 133, 135, 138, 140, 152, 164, 168, 170, 178, 187, 193, 202, 217, 219, 221, 223, 230, 235, 239, 240, 241, 243, 243]",245,57.61538461538461,"[13, 16, 17, 19, 22, 22, 26, 28, 71, 80, 90, 101, 244]",80,500,1000,"[2, 7]",False
68,13,68,83.58208955223881,"[3, 3, 4, 6, 6, 7, 8, 9, 12, 13, 13, 16, 16, 20, 20, 21, 23, 29, 30, 33, 37, 40, 41, 42, 52, 53, 59, 62, 73, 74, 75, 77, 79, 84, 88, 88, 94, 94, 96, 96, 99, 100, 101, 102, 103, 105, 107, 111, 113, 117, 119, 137, 139, 147, 151, 152, 153, 155, 158, 160, 175, 195, 197, 199, 201, 203, 205]",208,57.76923076923077,"[11, 13, 17, 18, 22, 25, 25, 35, 39, 90, 92, 157, 207]",80,500,1000,"[2, 7]",False
69,13,69,54.791044776119406,"[2, 3, 5, 7, 8, 9, 10, 10, 11, 13, 15, 15, 15, 17, 18, 18, 19, 19, 20, 21, 22, 22, 23, 24, 25, 27, 29, 29, 32, 32, 34, 35, 36, 36, 37, 38, 40, 42, 43, 44, 46, 47, 49, 50, 51, 64, 87, 90, 94, 101, 107, 110, 114, 116, 118, 118, 121, 123, 125, 126, 127, 127, 129, 129, 131, 132, 134]",135,39.30769230769231,"[6, 8, 8, 12, 16, 21, 33, 39, 41, 45, 48, 110, 124]",80,500,1000,"[2, 7]",False
70,14,70,57.54545454545455,"[2, 6, 6, 6, 7, 8, 10, 11, 13, 14, 15, 15, 19, 22, 23, 24, 24, 26, 28, 28, 30, 30, 31, 32, 33, 34, 34, 35, 36, 37, 38, 39, 39, 40, 41, 41, 42, 43, 43, 44, 44, 45, 46, 48, 50, 50, 50, 52, 54, 60, 64, 68, 79, 83, 101, 105, 119, 122, 123, 128, 179, 199, 214, 219, 221, 226]",227,86.5,"[6, 9, 10, 17, 20, 26, 37, 56, 115, 125, 127, 216, 223, 224]",80,500,1000,"[2, 7]",False
71,14,71,121.25757575757575,"[4, 5, 7, 7, 9, 9, 12, 12, 13, 14, 16, 16, 18, 19, 19, 21, 21, 21, 21, 22, 23, 24, 25, 26, 27, 29, 29, 33, 36, 38, 43, 45, 48, 49, 63, 79, 86, 103, 103, 109, 130, 133, 157, 178, 185, 191, 215, 220, 245, 245, 249, 251, 253, 255, 264, 266, 269, 305, 317, 331, 335, 337, 339, 341, 343, 345]",346,113.64285714285714,"[16, 18, 25, 26, 27, 38, 41, 47, 180, 196, 232, 240, 247, 258]",80,500,1000,"[2, 7]",False
72,14,72,75.71212121212122,"[5, 7, 7, 9, 11, 12, 13, 14, 14, 14, 15, 15, 16, 17, 18, 20, 21, 21, 21, 23, 24, 25, 25, 26, 29, 30, 30, 34, 38, 39, 40, 41, 44, 45, 47, 47, 48, 50, 53, 56, 57, 63, 65, 67, 80, 83, 115, 127, 135, 137, 145, 152, 167, 169, 171, 175, 176, 178, 198, 200, 208, 209, 211, 213, 215, 217]",218,39.5,"[9, 10, 10, 11, 22, 27, 31, 32, 36, 38, 43, 52, 59, 173]",80,500,1000,"[2, 7]",False
73,14,73,92.54545454545455,"[2, 4, 5, 7, 8, 9, 11, 13, 13, 14, 15, 17, 18, 18, 20, 20, 22, 23, 24, 28, 29, 31, 33, 33, 37, 37, 39, 41, 41, 43, 46, 48, 52, 58, 60, 63, 67, 70, 71, 75, 76, 78, 80, 81, 82, 82, 84, 86, 86, 87, 88, 139, 146, 154, 167, 177, 181, 227, 331, 335, 340, 342, 347, 348, 349, 350]",351,76.28571428571429,"[12, 15, 16, 34, 41, 43, 73, 77, 79, 80, 83, 84, 85, 346]",80,500,1000,"[2, 7]",False
74,14,74,76.1969696969697,"[3, 3, 3, 5, 5, 6, 6, 7, 7, 7, 8, 9, 9, 10, 11, 12, 12, 14, 14, 15, 16, 17, 17, 18, 19, 19, 21, 21, 22, 23, 23, 24, 26, 28, 28, 31, 32, 32, 34, 37, 38, 40, 41, 44, 64, 85, 87, 87, 111, 130, 132, 149, 149, 153, 155, 156, 158, 169, 242, 300, 309, 311, 313, 315, 318, 319]",320,91.85714285714286,"[12, 17, 21, 21, 24, 25, 30, 36, 39, 42, 160, 248, 294, 317]",80,500,1000,"[2, 7]",False
75,15,75,82.92307692307692,"[2, 3, 5, 5, 7, 8, 8, 9, 9, 10, 10, 12, 13, 14, 14, 16, 18, 19, 20, 23, 23, 23, 24, 25, 25, 28, 30, 31, 32, 33, 35, 35, 38, 81, 85, 91, 91, 93, 101, 105, 108, 111, 113, 113, 115, 115, 116, 118, 121, 126, 128, 130, 132, 134, 135, 168, 194, 211, 233, 244, 248, 252, 255, 257, 259]",260,82.2,"[5, 7, 15, 15, 16, 18, 22, 33, 75, 99, 119, 120, 201, 238, 250]",80,500,1000,"[2, 7]",False
76,15,76,42.83076923076923,"[4, 4, 5, 7, 8, 9, 9, 10, 10, 13, 14, 15, 16, 19, 21, 22, 22, 25, 26, 27, 28, 29, 30, 30, 31, 31, 33, 33, 34, 35, 38, 39, 40, 41, 41, 43, 46, 48, 49, 50, 51, 52, 54, 55, 57, 60, 61, 61, 63, 66, 68, 72, 72, 74, 75, 77, 77, 79, 80, 81, 81, 82, 83, 83, 85]",86,32.46666666666667,"[7, 8, 8, 10, 13, 17, 24, 26, 27, 44, 46, 51, 58, 64, 84]",80,500,1000,"[2, 7]",False
77,15,77,62.92307692307692,"[3, 5, 6, 7, 7, 8, 9, 10, 13, 13, 15, 15, 18, 21, 21, 21, 23, 25, 26, 27, 28, 31, 32, 34, 36, 38, 38, 40, 40, 42, 44, 48, 50, 52, 54, 56, 61, 63, 69, 71, 78, 80, 84, 87, 90, 94, 96, 100, 107, 110, 111, 112, 113, 114, 116, 119, 122, 127, 131, 138, 142, 146, 149, 151, 153]",156,49.46666666666667,"[3, 9, 10, 11, 17, 20, 30, 36, 42, 46, 67, 77, 102, 117, 155]",80,500,1000,"[2, 7]",False
78,15,78,85.18461538461538,"[3, 5, 6, 7, 8, 8, 10, 11, 12, 12, 15, 16, 16, 17, 18, 19, 21, 25, 25, 27, 27, 29, 30, 31, 32, 34, 34, 36, 38, 38, 39, 39, 40, 42, 44, 44, 55, 68, 89, 91, 93, 95, 96, 102, 106, 117, 121, 123, 125, 127, 131, 133, 133, 135, 136, 137, 138, 279, 287, 290, 292, 294, 294, 296, 296]",298,73.06666666666666,"[12, 14, 21, 22, 23, 30, 34, 36, 42, 75, 78, 81, 110, 221, 297]",80,500,1000,"[2, 7]",False
79,15,79,82.8,"[3, 5, 6, 6, 7, 8, 9, 10, 11, 13, 14, 14, 15, 15, 16, 16, 17, 17, 18, 18, 19, 20, 22, 27, 28, 29, 32, 33, 34, 35, 35, 40, 42, 47, 50, 51, 57, 60, 61, 62, 79, 81, 102, 105, 109, 115, 119, 123, 126, 128, 130, 134, 161, 164, 199, 208, 214, 230, 244, 259, 263, 264, 266, 268, 269]",272,56.666666666666664,"[5, 6, 10, 11, 12, 13, 24, 31, 39, 55, 58, 64, 119, 132, 271]",80,500,1000,"[2, 7]",False
80,16,80,103.890625,"[4, 5, 6, 6, 8, 9, 9, 11, 12, 13, 14, 15, 15, 16, 18, 18, 19, 20, 20, 21, 22, 23, 23, 23, 26, 27, 29, 31, 33, 34, 36, 38, 40, 44, 46, 63, 69, 71, 75, 81, 83, 84, 86, 87, 106, 174, 185, 189, 193, 197, 228, 236, 242, 263, 270, 275, 303, 311, 329, 337, 341, 343, 345, 349]",350,98.3125,"[2, 9, 16, 16, 18, 20, 25, 27, 42, 54, 79, 108, 231, 240, 339, 347]",80,500,1000,"[2, 7]",False
81,16,81,61.296875,"[0, 2, 3, 4, 4, 6, 6, 7, 8, 9, 12, 13, 13, 15, 15, 17, 17, 19, 19, 21, 23, 23, 24, 25, 27, 27, 30, 32, 33, 34, 35, 37, 38, 40, 41, 43, 45, 47, 54, 56, 56, 59, 61, 63, 71, 96, 101, 104, 121, 132, 133, 135, 137, 139, 141, 147, 149, 160, 162, 162, 164, 168, 168, 170]",171,72.0625,"[7, 17, 21, 26, 28, 29, 31, 31, 36, 65, 85, 143, 154, 156, 158, 166]",80,500,1000,"[2, 7]",False
82,16,82,64.15625,"[3, 4, 6, 6, 6, 7, 7, 8, 9, 9, 10, 11, 13, 15, 15, 17, 19, 19, 19, 20, 21, 21, 21, 22, 23, 25, 25, 27, 27, 29, 34, 36, 43, 51, 53, 54, 56, 64, 65, 69, 81, 85, 86, 89, 91, 92, 94, 98, 112, 138, 141, 141, 144, 148, 148, 150, 151, 151, 158, 160, 163, 164, 165, 167]",168,49.9375,"[4, 9, 13, 14, 14, 29, 33, 36, 37, 40, 76, 84, 86, 88, 90, 146]",80,500,1000,"[2, 7]",False
83,16,83,49.484375,"[3, 5, 7, 7, 9, 9, 10, 11, 13, 13, 13, 14, 15, 16, 17, 19, 20, 21, 22, 22, 24, 26, 27, 29, 30, 31, 31, 32, 33, 33, 35, 35, 36, 38, 38, 39, 41, 43, 44, 44, 45, 47, 47, 49, 51, 53, 55, 56, 56, 59, 62, 64, 66, 68, 74, 92, 131, 140, 147, 164, 168, 170, 172, 176]",178,47.3125,"[5, 12, 16, 18, 21, 23, 23, 29, 31, 41, 42, 44, 49, 52, 174, 177]",80,500,1000,"[2, 7]",False
84,16,84,39.796875,"[2, 5, 5, 6, 7, 7, 8, 11, 11, 11, 12, 12, 14, 14, 16, 16, 17, 18, 18, 20, 20, 20, 22, 22, 24, 24, 24, 25, 26, 26, 27, 27, 30, 30, 31, 32, 33, 35, 36, 38, 39, 39, 40, 42, 42, 46, 55, 56, 61, 71, 73, 75, 83, 85, 90, 91, 91, 92, 94, 95, 95, 100, 104, 106]",109,40.125,"[3, 8, 17, 18, 21, 22, 25, 29, 29, 31, 33, 36, 79, 81, 102, 108]",80,500,1000,"[2, 7]",False
85,17,85,100.31746031746032,"[2, 4, 6, 7, 8, 9, 9, 11, 13, 15, 15, 16, 19, 24, 26, 27, 28, 41, 43, 58, 63, 64, 66, 70, 81, 83, 88, 93, 96, 103, 105, 106, 108, 110, 114, 119, 124, 127, 132, 132, 134, 137, 139, 142, 144, 148, 150, 151, 159, 159, 161, 163, 164, 165, 166, 191, 206, 209, 210, 212, 214, 215, 216]",218,73.76470588235294,"[5, 5, 7, 8, 11, 19, 21, 22, 24, 33, 100, 130, 145, 154, 156, 197, 217]",80,500,1000,"[2, 7]",False
86,17,86,53.857142857142854,"[6, 6, 7, 12, 12, 12, 12, 13, 14, 15, 15, 15, 16, 18, 18, 18, 20, 20, 22, 24, 24, 26, 26, 29, 29, 30, 32, 35, 36, 38, 39, 40, 41, 41, 43, 44, 50, 57, 60, 63, 72, 72, 76, 78, 79, 80, 82, 84, 86, 87, 88, 91, 93, 96, 104, 113, 124, 130, 132, 134, 136, 138, 140]",141,40.470588235294116,"[7, 16, 17, 18, 21, 24, 26, 28, 33, 34, 37, 43, 50, 55, 90, 94, 95]",80,500,1000,"[2, 7]",False
87,17,87,62.38095238095238,"[2, 3, 4, 6, 8, 9, 9, 9, 10, 11, 12, 12, 13, 14, 14, 16, 17, 18, 20, 20, 20, 20, 21, 22, 22, 28, 28, 30, 32, 34, 35, 38, 39, 42, 44, 46, 47, 48, 49, 51, 52, 55, 61, 63, 67, 68, 83, 141, 145, 146, 149, 150, 155, 159, 161, 162, 164, 166, 169, 169, 171, 174, 177]",178,76.41176470588235,"[7, 8, 10, 23, 24, 25, 26, 38, 65, 68, 70, 75, 167, 171, 173, 173, 176]",80,500,1000,"[2, 7]",False
88,17,88,74.66666666666667,"[2, 4, 5, 5, 8, 8, 9, 10, 10, 12, 14, 16, 16, 16, 16, 18, 18, 20, 20, 22, 24, 24, 26, 29, 30, 30, 32, 33, 34, 36, 39, 40, 41, 43, 44, 59, 64, 95, 96, 102, 102, 107, 118, 122, 124, 130, 140, 143, 143, 146, 148, 150, 152, 154, 162, 166, 183, 185, 188, 190, 192, 194, 195]",196,33.470588235294116,"[6, 12, 12, 14, 14, 14, 16, 16, 22, 24, 27, 28, 38, 52, 78, 82, 114]",80,500,1000,"[2, 7]",False
89,17,89,53.6031746031746,"[3, 4, 4, 7, 7, 9, 9, 11, 11, 11, 13, 14, 15, 15, 17, 17, 18, 19, 19, 20, 21, 21, 22, 22, 23, 24, 25, 25, 26, 26, 28, 29, 30, 30, 32, 32, 34, 36, 36, 37, 40, 41, 42, 52, 70, 77, 77, 82, 87, 93, 126, 130, 132, 134, 137, 139, 141, 143, 160, 165, 167, 169, 171]",172,57.23529411764706,"[8, 16, 24, 28, 31, 32, 33, 34, 38, 42, 45, 47, 71, 95, 114, 151, 164]",80,500,1000,"[2, 7]",False
90,18,90,80.87096774193549,"[4, 5, 7, 7, 9, 11, 12, 13, 14, 15, 16, 16, 17, 17, 17, 18, 21, 21, 22, 23, 24, 25, 28, 42, 42, 45, 46, 48, 50, 52, 54, 63, 69, 71, 73, 74, 79, 83, 87, 89, 91, 92, 92, 106, 109, 112, 116, 117, 118, 120, 137, 162, 184, 208, 216, 221, 223, 226, 229, 232, 236, 238]",239,68.22222222222223,"[2, 5, 8, 9, 10, 14, 20, 26, 60, 75, 77, 85, 86, 94, 114, 119, 190, 234]",80,500,1000,"[2, 7]",False
91,18,91,61.46774193548387,"[3, 3, 5, 6, 6, 8, 8, 11, 11, 11, 13, 14, 15, 15, 17, 18, 19, 21, 21, 22, 22, 24, 24, 25, 27, 27, 29, 29, 30, 31, 31, 33, 33, 35, 37, 41, 52, 61, 66, 68, 92, 97, 100, 103, 105, 107, 109, 111, 113, 115, 127, 129, 134, 140, 145, 152, 155, 157, 160, 161, 163, 164]",165,54.388888888888886,"[2, 4, 6, 8, 13, 17, 19, 23, 35, 39, 41, 85, 95, 97, 106, 117, 130, 142]",80,500,1000,"[2, 7]",False
92,18,92,72.16129032258064,"[4, 5, 6, 6, 7, 7, 8, 10, 11, 12, 12, 13, 13, 15, 16, 16, 16, 18, 19, 22, 22, 23, 24, 24, 25, 26, 27, 28, 28, 29, 31, 33, 33, 35, 35, 37, 38, 38, 39, 40, 44, 58, 77, 81, 81, 84, 115, 125, 134, 138, 140, 143, 177, 219, 229, 249, 250, 252, 254, 256, 258, 259]",260,50.72222222222222,"[6, 8, 10, 13, 14, 19, 20, 21, 23, 25, 33, 35, 42, 43, 77, 136, 142, 246]",80,500,1000,"[2, 7]",False
93,18,93,94.66129032258064,"[2, 6, 6, 6, 7, 8, 8, 8, 9, 12, 14, 14, 16, 17, 17, 18, 18, 20, 22, 24, 26, 32, 36, 38, 40, 43, 47, 52, 58, 72, 76, 76, 79, 83, 88, 96, 96, 103, 107, 110, 111, 113, 119, 121, 123, 124, 124, 126, 126, 140, 142, 146, 150, 204, 240, 257, 292, 295, 305, 330, 334, 337]",338,120.44444444444444,"[11, 12, 12, 15, 23, 24, 55, 81, 88, 115, 115, 117, 125, 144, 236, 328, 332, 335]",80,500,1000,"[2, 7]",False
94,18,94,78.0,"[2, 5, 5, 5, 7, 8, 8, 9, 10, 12, 12, 14, 16, 17, 18, 19, 19, 19, 21, 21, 24, 25, 25, 28, 29, 29, 31, 32, 33, 33, 36, 42, 50, 52, 62, 62, 63, 68, 69, 71, 77, 77, 84, 98, 102, 107, 116, 120, 120, 122, 124, 187, 191, 197, 232, 247, 249, 251, 253, 255, 257, 259]",260,68.44444444444444,"[10, 14, 23, 26, 27, 34, 44, 56, 75, 79, 82, 86, 88, 106, 112, 119, 125, 126]",80,500,1000,"[2, 7]",False
95,19,95,83.37704918032787,"[2, 4, 4, 5, 5, 6, 7, 8, 9, 10, 11, 12, 14, 14, 15, 15, 16, 16, 17, 18, 22, 24, 24, 25, 26, 28, 30, 30, 32, 34, 34, 36, 38, 38, 42, 44, 45, 49, 51, 69, 103, 105, 110, 119, 120, 126, 128, 129, 130, 132, 134, 136, 250, 286, 292, 300, 307, 309, 311, 314, 316]",319,90.0,"[9, 17, 18, 18, 19, 22, 26, 40, 40, 47, 78, 101, 116, 121, 125, 132, 151, 312, 318]",80,500,1000,"[2, 7]",False
96,19,96,56.49180327868852,"[2, 5, 6, 6, 6, 7, 8, 9, 9, 9, 12, 12, 14, 14, 15, 16, 17, 18, 18, 19, 20, 22, 24, 28, 29, 31, 32, 33, 33, 37, 38, 42, 43, 52, 55, 63, 72, 73, 73, 79, 82, 83, 86, 88, 90, 92, 94, 94, 96, 99, 102, 106, 108, 112, 114, 134, 146, 149, 154, 157, 159]",160,61.473684210526315,"[2, 12, 14, 22, 23, 26, 29, 35, 37, 47, 77, 77, 81, 87, 89, 93, 110, 152, 155]",80,500,1000,"[2, 7]",False
97,19,97,89.77049180327869,"[6, 6, 8, 9, 10, 11, 13, 13, 15, 15, 16, 17, 18, 18, 19, 20, 22, 25, 32, 34, 37, 37, 40, 43, 58, 61, 65, 65, 92, 93, 103, 105, 106, 107, 117, 118, 121, 121, 125, 134, 138, 139, 147, 148, 153, 154, 154, 156, 157, 158, 160, 162, 163, 165, 170, 176, 178, 178, 180, 182, 183]",184,84.89473684210526,"[4, 7, 9, 16, 42, 44, 72, 73, 78, 85, 86, 100, 123, 127, 144, 146, 149, 153, 155]",80,500,1000,"[2, 7]",False
98,19,98,45.34426229508197,"[3, 3, 3, 4, 5, 5, 5, 6, 7, 7, 7, 8, 9, 9, 9, 11, 15, 16, 16, 18, 20, 22, 23, 24, 24, 26, 28, 30, 31, 32, 34, 36, 39, 41, 45, 47, 50, 50, 52, 54, 57, 58, 61, 61, 65, 71, 72, 74, 75, 80, 83, 83, 86, 92, 97, 101, 127, 130, 135, 141, 143]",144,55.94736842105263,"[5, 10, 12, 14, 16, 17, 19, 21, 22, 32, 67, 69, 76, 78, 82, 115, 132, 137, 139]",80,500,1000,"[2, 7]",False
99,19,99,115.81967213114754,"[3, 4, 5, 7, 8, 9, 9, 11, 11, 12, 12, 19, 20, 21, 23, 23, 24, 26, 28, 28, 30, 32, 37, 40, 42, 47, 64, 72, 74, 76, 93, 113, 119, 122, 139, 141, 142, 143, 144, 145, 145, 147, 157, 212, 216, 219, 221, 223, 229, 249, 253, 258, 262, 266, 266, 268, 268, 270, 271, 273, 274]",275,77.89473684210526,"[3, 6, 14, 15, 21, 25, 26, 27, 34, 35, 50, 66, 80, 109, 137, 153, 197, 239, 243]",80,500,1000,"[2, 7]",False
100,20,100,55.95,"[2, 4, 4, 5, 5, 5, 5, 7, 9, 10, 12, 13, 13, 14, 15, 15, 16, 16, 19, 19, 19, 21, 21, 22, 24, 24, 26, 27, 29, 31, 32, 33, 33, 34, 35, 36, 38, 42, 44, 50, 52, 54, 56, 64, 67, 71, 77, 107, 116, 119, 127, 137, 161, 172, 182, 186, 192, 194, 196, 198]",199,48.25,"[8, 9, 11, 11, 15, 17, 23, 27, 28, 30, 35, 37, 45, 56, 69, 73, 75, 84, 124, 188]",80,500,1000,"[2, 7]",False
101,20,101,153.25,"[7, 7, 8, 9, 11, 12, 14, 14, 15, 16, 18, 19, 20, 20, 21, 21, 22, 24, 26, 26, 29, 29, 30, 32, 34, 36, 38, 40, 41, 42, 47, 72, 74, 86, 132, 213, 215, 219, 267, 277, 284, 285, 293, 295, 297, 303, 335, 337, 351, 365, 368, 370, 373, 374, 376, 378, 380, 382, 383, 383]",386,101.85,"[4, 12, 15, 16, 19, 22, 27, 31, 32, 39, 43, 44, 45, 64, 146, 203, 269, 272, 349, 385]",80,500,1000,"[2, 7]",False
102,20,102,97.73333333333333,"[0, 3, 6, 6, 7, 7, 7, 8, 10, 10, 13, 14, 15, 18, 19, 20, 20, 21, 22, 23, 24, 25, 27, 27, 29, 29, 31, 32, 33, 37, 40, 42, 48, 50, 64, 65, 68, 70, 71, 73, 75, 76, 117, 126, 133, 164, 169, 171, 175, 200, 206, 245, 346, 353, 357, 360, 361, 364, 365, 367]",368,78.25,"[5, 9, 12, 14, 16, 17, 18, 19, 23, 35, 46, 63, 73, 107, 118, 123, 165, 167, 173, 362]",80,500,1000,"[2, 7]",False
103,20,103,78.16666666666667,"[3, 4, 4, 5, 6, 6, 8, 8, 10, 12, 13, 14, 14, 15, 16, 19, 22, 24, 25, 25, 28, 30, 30, 31, 32, 38, 49, 50, 74, 74, 83, 88, 97, 98, 102, 104, 104, 105, 107, 108, 113, 115, 116, 118, 120, 120, 122, 123, 137, 139, 149, 165, 167, 173, 179, 183, 185, 193, 193, 195]",196,87.0,"[8, 9, 10, 16, 18, 20, 26, 36, 52, 77, 95, 99, 101, 101, 157, 163, 177, 189, 192, 194]",80,500,1000,"[2, 7]",False
104,20,104,81.25,"[4, 6, 7, 8, 9, 10, 11, 12, 12, 13, 14, 14, 16, 17, 18, 21, 21, 22, 23, 24, 24, 25, 26, 27, 29, 30, 30, 31, 34, 35, 35, 38, 38, 40, 45, 46, 47, 48, 57, 61, 63, 66, 68, 72, 74, 85, 103, 106, 134, 148, 166, 239, 305, 312, 314, 315, 317, 319, 320, 321]",322,35.0,"[6, 9, 9, 13, 16, 18, 19, 23, 25, 28, 32, 32, 33, 35, 46, 50, 53, 71, 74, 108]",80,500,1000,"[2, 7]",False
105,21,105,48.644067796610166,"[3, 7, 8, 9, 10, 12, 12, 13, 13, 14, 15, 15, 16, 18, 18, 21, 22, 23, 24, 24, 24, 25, 26, 26, 28, 28, 30, 32, 32, 32, 34, 34, 36, 36, 37, 38, 40, 41, 42, 43, 45, 49, 58, 67, 78, 83, 92, 99, 101, 103, 105, 108, 110, 117, 134, 136, 140, 141, 143]",144,42.23809523809524,"[5, 6, 8, 10, 10, 11, 18, 19, 21, 28, 30, 30, 38, 42, 44, 47, 56, 96, 98, 132, 138]",80,500,1000,"[2, 7]",False
106,21,106,39.05084745762712,"[3, 3, 3, 4, 5, 6, 8, 8, 8, 10, 11, 13, 15, 15, 16, 17, 17, 17, 17, 18, 20, 21, 22, 24, 26, 26, 27, 27, 28, 30, 32, 33, 35, 36, 38, 39, 40, 40, 42, 42, 42, 45, 46, 60, 61, 66, 69, 73, 76, 80, 82, 84, 86, 92, 96, 98, 100, 102, 104]",105,28.666666666666668,"[6, 6, 10, 13, 16, 18, 19, 20, 22, 24, 24, 29, 31, 32, 34, 35, 37, 44, 50, 54, 78]",80,500,1000,"[2, 7]",False
107,21,107,103.10169491525424,"[4, 5, 5, 5, 7, 13, 14, 16, 16, 16, 17, 18, 18, 19, 20, 21, 22, 23, 24, 24, 26, 26, 28, 30, 31, 33, 34, 38, 40, 40, 42, 53, 54, 55, 63, 77, 86, 93, 99, 107, 109, 115, 117, 120, 128, 135, 167, 206, 230, 237, 324, 329, 331, 343, 360, 363, 365, 370, 372]",373,83.0,"[4, 8, 11, 13, 20, 22, 39, 40, 46, 46, 49, 51, 52, 57, 103, 105, 111, 113, 119, 366, 368]",80,500,1000,"[2, 7]",False
108,21,108,53.440677966101696,"[2, 3, 4, 4, 5, 5, 7, 8, 9, 10, 10, 11, 12, 13, 13, 14, 18, 19, 20, 21, 21, 23, 25, 25, 26, 26, 26, 29, 29, 30, 31, 32, 43, 44, 48, 52, 53, 54, 57, 60, 61, 70, 77, 80, 91, 93, 99, 102, 110, 119, 128, 131, 133, 137, 150, 154, 156, 158, 162]",163,56.523809523809526,"[3, 6, 7, 8, 14, 18, 18, 28, 28, 39, 41, 50, 58, 59, 62, 78, 97, 126, 135, 152, 160]",80,500,1000,"[2, 7]",False
109,21,109,77.71186440677967,"[2, 4, 4, 6, 6, 7, 9, 10, 10, 12, 14, 15, 15, 15, 17, 17, 17, 18, 18, 19, 19, 20, 20, 21, 22, 23, 24, 32, 34, 38, 41, 50, 66, 71, 75, 77, 78, 82, 84, 86, 90, 92, 94, 98, 98, 100, 102, 105, 106, 109, 111, 155, 253, 279, 316, 318, 318, 321, 322]",323,92.42857142857143,"[2, 3, 10, 14, 16, 19, 26, 30, 34, 46, 80, 88, 92, 96, 97, 110, 112, 113, 312, 319, 322]",80,500,1000,"[2, 7]",False
110,22,110,53.58620689655172,"[3, 3, 7, 7, 9, 10, 11, 12, 13, 14, 15, 16, 16, 19, 19, 21, 21, 21, 23, 23, 24, 24, 25, 26, 28, 29, 30, 30, 32, 34, 34, 34, 35, 36, 36, 38, 40, 42, 48, 54, 55, 78, 88, 101, 109, 111, 113, 114, 115, 119, 122, 124, 130, 138, 154, 156, 158, 161]",162,66.72727272727273,"[3, 4, 7, 9, 11, 13, 32, 33, 34, 40, 63, 63, 77, 85, 106, 108, 110, 117, 121, 133, 148, 151]",80,500,1000,"[2, 7]",False
111,22,111,48.98275862068966,"[2, 2, 3, 4, 6, 7, 9, 10, 11, 12, 13, 13, 14, 16, 17, 18, 19, 19, 20, 22, 22, 23, 24, 26, 27, 27, 28, 29, 31, 31, 35, 37, 37, 39, 39, 41, 43, 45, 47, 49, 49, 51, 52, 58, 60, 62, 62, 65, 70, 90, 97, 118, 128, 153, 183, 194, 215, 217]",223,67.04545454545455,"[8, 9, 11, 14, 15, 17, 17, 21, 24, 24, 26, 29, 30, 33, 42, 45, 64, 173, 213, 218, 220, 222]",80,500,1000,"[2, 7]",False
112,22,112,84.03448275862068,"[3, 4, 5, 5, 7, 8, 9, 11, 14, 14, 16, 17, 18, 20, 20, 21, 24, 24, 26, 27, 27, 31, 33, 33, 34, 38, 40, 41, 45, 58, 74, 79, 91, 93, 93, 97, 99, 99, 101, 103, 105, 107, 108, 115, 118, 123, 124, 127, 130, 147, 152, 265, 267, 273, 275, 277, 279, 280]",281,67.04545454545455,"[6, 7, 10, 11, 12, 22, 23, 26, 29, 29, 35, 37, 38, 51, 53, 55, 120, 126, 128, 129, 258, 270]",80,500,1000,"[2, 7]",False
113,22,113,69.17241379310344,"[4, 4, 6, 6, 8, 9, 9, 10, 12, 12, 13, 14, 15, 16, 18, 19, 20, 21, 23, 25, 25, 27, 27, 29, 31, 31, 33, 35, 44, 44, 55, 56, 57, 57, 59, 61, 64, 65, 66, 66, 68, 69, 72, 72, 74, 75, 80, 84, 163, 172, 198, 209, 240, 242, 244, 248, 252, 254]",255,55.95454545454545,"[6, 9, 11, 11, 11, 12, 13, 14, 14, 17, 25, 26, 33, 46, 53, 62, 63, 70, 73, 166, 246, 250]",80,500,1000,"[2, 7]",False
114,22,114,87.44827586206897,"[3, 5, 5, 6, 8, 9, 10, 11, 12, 12, 13, 13, 14, 14, 14, 16, 16, 18, 19, 19, 19, 20, 20, 21, 25, 25, 29, 33, 34, 34, 35, 38, 40, 45, 52, 74, 79, 89, 91, 116, 139, 163, 171, 188, 202, 205, 207, 211, 216, 218, 219, 221, 242, 250, 263, 265, 267, 269]",270,61.86363636363637,"[4, 7, 7, 8, 11, 17, 18, 20, 21, 23, 27, 31, 31, 38, 40, 42, 44, 56, 181, 215, 259, 261]",80,500,1000,"[2, 7]",False
115,23,115,95.49122807017544,"[3, 3, 5, 7, 10, 18, 19, 21, 22, 22, 24, 25, 26, 28, 28, 29, 30, 32, 36, 39, 50, 60, 62, 67, 70, 80, 97, 98, 104, 105, 109, 115, 118, 129, 133, 133, 135, 139, 141, 149, 152, 153, 154, 154, 155, 158, 158, 163, 165, 166, 168, 191, 194, 195, 197, 199, 200]",201,83.8695652173913,"[5, 8, 11, 12, 14, 15, 17, 17, 22, 28, 46, 60, 91, 122, 122, 143, 156, 160, 160, 163, 167, 192, 198]",80,500,1000,"[2, 7]",False
116,23,116,85.50877192982456,"[2, 3, 5, 5, 6, 9, 10, 11, 12, 13, 13, 19, 20, 20, 22, 24, 26, 26, 28, 28, 30, 31, 31, 32, 34, 36, 36, 38, 57, 61, 78, 80, 82, 84, 110, 121, 123, 129, 138, 147, 149, 151, 154, 159, 165, 167, 168, 169, 175, 177, 182, 201, 210, 213, 215, 219, 220]",221,85.73913043478261,"[4, 8, 14, 16, 16, 17, 22, 24, 26, 41, 42, 74, 91, 114, 135, 136, 137, 139, 171, 173, 176, 179, 217]",80,500,1000,"[2, 7]",False
117,23,117,63.75438596491228,"[4, 5, 6, 7, 7, 7, 9, 11, 12, 13, 15, 15, 16, 17, 18, 19, 19, 20, 21, 22, 23, 24, 25, 26, 26, 27, 28, 29, 31, 33, 35, 37, 39, 42, 55, 57, 59, 63, 65, 65, 72, 72, 74, 78, 80, 80, 81, 93, 109, 111, 238, 243, 245, 250, 251, 252, 253]",254,56.91304347826087,"[5, 9, 10, 11, 13, 14, 21, 27, 29, 30, 32, 41, 43, 55, 63, 67, 68, 70, 70, 76, 82, 225, 248]",80,500,1000,"[2, 7]",False
118,23,118,65.05263157894737,"[4, 5, 7, 8, 8, 9, 11, 11, 12, 12, 14, 15, 15, 16, 19, 19, 21, 22, 24, 27, 27, 28, 32, 33, 34, 37, 39, 39, 40, 41, 43, 45, 46, 48, 51, 55, 57, 66, 69, 81, 88, 114, 117, 118, 120, 121, 123, 162, 164, 166, 168, 172, 174, 175, 178, 178, 180]",181,64.69565217391305,"[5, 8, 13, 17, 18, 23, 24, 25, 26, 30, 35, 39, 44, 62, 66, 101, 104, 106, 116, 119, 160, 170, 177]",80,500,1000,"[2, 7]",False
119,23,119,49.70175438596491,"[3, 4, 7, 8, 9, 9, 10, 10, 11, 11, 13, 13, 15, 15, 16, 18, 18, 20, 21, 23, 23, 24, 27, 30, 32, 36, 37, 38, 40, 40, 42, 42, 44, 44, 48, 50, 51, 54, 55, 56, 62, 63, 66, 84, 87, 91, 93, 95, 99, 106, 123, 127, 130, 132, 134, 136, 138]",139,38.30434782608695,"[3, 5, 6, 13, 13, 16, 18, 20, 22, 24, 26, 28, 33, 34, 52, 53, 58, 60, 63, 64, 84, 89, 97]",80,500,1000,"[2, 7]",False
120,24,120,63.19642857142857,"[3, 6, 8, 8, 8, 10, 10, 10, 11, 12, 12, 14, 14, 16, 16, 18, 18, 18, 18, 20, 20, 21, 21, 22, 23, 25, 25, 25, 26, 28, 29, 30, 34, 36, 37, 38, 39, 41, 43, 52, 64, 79, 92, 112, 148, 153, 160, 164, 170, 184, 192, 200, 234, 236, 242, 244]",245,114.79166666666667,"[8, 14, 16, 23, 27, 32, 35, 39, 40, 41, 46, 80, 153, 166, 168, 172, 181, 186, 197, 198, 225, 230, 238, 240]",80,500,1000,"[2, 7]",False
121,24,121,121.57142857142857,"[4, 6, 8, 8, 10, 11, 12, 14, 14, 16, 16, 20, 20, 22, 23, 25, 25, 27, 29, 31, 31, 35, 38, 38, 46, 59, 65, 87, 93, 117, 125, 140, 151, 153, 153, 164, 176, 182, 184, 187, 189, 210, 241, 251, 263, 266, 271, 276, 278, 280, 283, 284, 287, 287, 288, 289]",290,80.33333333333333,"[6, 7, 7, 10, 16, 18, 18, 20, 27, 29, 33, 35, 43, 83, 101, 103, 108, 112, 123, 143, 179, 186, 257, 264]",80,500,1000,"[2, 7]",False
122,24,122,139.57142857142858,"[4, 6, 8, 9, 10, 11, 11, 14, 15, 15, 16, 20, 21, 24, 35, 42, 47, 53, 53, 66, 66, 83, 86, 88, 97, 99, 126, 138, 154, 164, 168, 170, 171, 174, 176, 177, 178, 179, 198, 205, 207, 216, 247, 249, 251, 253, 278, 283, 287, 300, 305, 308, 311, 313, 315, 316]",318,111.45833333333333,"[3, 6, 6, 6, 10, 12, 12, 16, 19, 28, 37, 41, 64, 70, 100, 139, 162, 194, 241, 269, 304, 309, 310, 317]",80,500,1000,"[2, 7]",False
123,24,123,80.05357142857143,"[2, 3, 4, 6, 6, 6, 8, 10, 11, 11, 13, 13, 13, 15, 15, 17, 17, 18, 21, 23, 25, 27, 29, 32, 34, 36, 40, 41, 68, 72, 83, 87, 95, 97, 99, 114, 124, 134, 141, 146, 152, 153, 156, 157, 166, 168, 169, 172, 172, 174, 174, 176, 180, 185, 186, 187]",189,85.625,"[4, 8, 10, 13, 15, 17, 17, 19, 24, 77, 79, 85, 89, 104, 109, 118, 122, 138, 139, 144, 170, 182, 184, 188]",80,500,1000,"[2, 7]",False
124,24,124,83.875,"[2, 2, 3, 4, 6, 7, 8, 10, 11, 13, 13, 16, 16, 18, 20, 20, 21, 22, 22, 24, 24, 28, 28, 30, 34, 39, 42, 42, 45, 47, 49, 50, 63, 75, 78, 100, 109, 116, 117, 119, 121, 123, 124, 148, 150, 191, 193, 205, 207, 209, 234, 242, 260, 264, 265, 268]",269,105.75,"[3, 4, 8, 8, 10, 15, 18, 18, 26, 26, 32, 36, 37, 72, 115, 153, 201, 205, 248, 251, 253, 266, 266, 267]",80,500,1000,"[2, 7]",False
125,25,125,77.8,"[3, 5, 5, 6, 7, 7, 8, 10, 10, 11, 11, 12, 15, 15, 15, 16, 17, 17, 19, 19, 19, 20, 21, 22, 22, 24, 24, 26, 27, 27, 28, 33, 33, 34, 35, 36, 37, 40, 76, 78, 84, 90, 94, 97, 102, 104, 106, 108, 347, 360, 375, 379, 380, 381, 382]",385,104.88,"[3, 14, 15, 16, 17, 17, 24, 27, 30, 31, 31, 32, 34, 39, 42, 42, 75, 87, 92, 99, 343, 369, 377, 382, 384]",80,500,1000,"[2, 7]",False
126,25,126,83.7090909090909,"[3, 5, 5, 8, 8, 8, 9, 10, 11, 11, 12, 12, 14, 16, 16, 16, 18, 18, 20, 26, 28, 29, 31, 35, 41, 42, 45, 55, 67, 68, 72, 74, 75, 75, 77, 83, 86, 97, 104, 108, 129, 133, 135, 141, 143, 151, 154, 197, 201, 208, 234, 302, 311, 313, 314]",315,129.76,"[6, 12, 16, 21, 28, 44, 47, 62, 66, 70, 77, 94, 118, 137, 139, 143, 147, 168, 177, 226, 237, 288, 305, 307, 309]",80,500,1000,"[2, 7]",False
127,25,127,53.49090909090909,"[3, 4, 8, 9, 10, 11, 12, 13, 13, 13, 14, 15, 16, 17, 17, 18, 18, 19, 19, 20, 22, 22, 23, 24, 24, 26, 28, 30, 34, 36, 38, 40, 41, 43, 43, 45, 45, 46, 48, 48, 51, 58, 60, 63, 65, 67, 69, 100, 197, 199, 202, 206, 208, 210, 212]",215,62.44,"[5, 7, 7, 9, 11, 11, 20, 26, 27, 28, 30, 30, 32, 32, 35, 41, 46, 47, 94, 110, 125, 181, 189, 204, 214]",80,500,1000,"[2, 7]",False
128,25,128,73.78181818181818,"[6, 7, 8, 8, 10, 12, 14, 15, 16, 16, 17, 18, 19, 21, 21, 22, 23, 26, 28, 29, 31, 32, 32, 33, 36, 39, 40, 41, 41, 42, 44, 47, 48, 66, 87, 89, 102, 107, 114, 129, 133, 142, 143, 143, 144, 146, 148, 149, 174, 188, 195, 202, 203, 205, 207]",208,49.88,"[4, 5, 8, 9, 10, 11, 13, 24, 27, 30, 30, 32, 33, 38, 38, 44, 46, 50, 51, 55, 63, 93, 139, 194, 200]",80,500,1000,"[2, 7]",False
129,25,129,62.03636363636364,"[3, 4, 5, 7, 9, 10, 10, 11, 11, 13, 13, 13, 16, 16, 17, 17, 18, 19, 19, 20, 21, 21, 22, 23, 25, 25, 27, 27, 29, 29, 30, 34, 36, 38, 39, 40, 43, 44, 46, 47, 50, 52, 53, 55, 85, 90, 161, 166, 168, 257, 265, 274, 279, 279, 281]",282,57.8,"[5, 7, 12, 13, 14, 15, 15, 19, 21, 24, 26, 28, 32, 36, 36, 42, 49, 50, 52, 54, 56, 113, 172, 276, 278]",80,500,1000,"[2, 7]",False
130,26,130,78.38888888888889,"[3, 4, 5, 5, 9, 10, 11, 12, 12, 14, 14, 15, 16, 16, 16, 18, 22, 25, 27, 29, 30, 31, 34, 36, 39, 55, 61, 62, 70, 73, 78, 83, 95, 96, 102, 105, 109, 111, 118, 130, 132, 134, 136, 138, 138, 145, 156, 190, 202, 209, 211, 213, 213, 215]",216,64.38461538461539,"[5, 6, 7, 8, 11, 18, 20, 21, 25, 33, 35, 37, 42, 50, 65, 71, 81, 87, 94, 110, 114, 123, 134, 136, 136, 205]",80,500,1000,"[2, 7]",False
131,26,131,61.48148148148148,"[3, 5, 7, 8, 8, 9, 10, 10, 11, 12, 13, 14, 15, 15, 16, 19, 20, 21, 23, 26, 28, 30, 30, 33, 34, 36, 38, 39, 40, 42, 42, 43, 45, 47, 48, 53, 55, 55, 57, 58, 59, 60, 62, 63, 66, 68, 100, 229, 234, 247, 252, 253, 254, 255]",257,59.88461538461539,"[5, 6, 7, 12, 13, 14, 17, 22, 24, 27, 28, 29, 32, 46, 50, 51, 51, 53, 59, 61, 62, 64, 68, 249, 251, 256]",80,500,1000,"[2, 7]",False
132,26,132,144.27777777777777,"[2, 4, 5, 9, 10, 10, 10, 11, 12, 13, 14, 14, 14, 15, 18, 18, 18, 20, 20, 21, 22, 23, 25, 27, 33, 33, 35, 36, 37, 39, 61, 99, 114, 121, 147, 164, 211, 229, 307, 325, 327, 333, 345, 347, 364, 380, 402, 410, 412, 420, 422, 426, 427, 430]",431,171.1153846153846,"[8, 8, 19, 23, 24, 24, 31, 37, 41, 43, 45, 47, 76, 85, 155, 194, 219, 266, 319, 354, 366, 381, 410, 417, 428, 429]",80,500,1000,"[2, 7]",False
133,26,133,60.96296296296296,"[4, 5, 6, 6, 7, 8, 8, 10, 13, 14, 16, 17, 18, 20, 21, 22, 22, 23, 24, 24, 24, 25, 27, 28, 29, 30, 31, 31, 35, 35, 39, 41, 45, 51, 53, 64, 76, 83, 101, 110, 116, 118, 121, 141, 147, 149, 150, 152, 154, 156, 158, 159, 162, 163]",164,62.69230769230769,"[4, 8, 11, 18, 28, 31, 33, 33, 36, 37, 38, 38, 39, 43, 49, 49, 51, 54, 82, 112, 125, 127, 129, 133, 160, 162]",80,500,1000,"[2, 7]",False
134,26,134,124.85185185185185,"[2, 3, 5, 7, 8, 8, 9, 10, 11, 13, 14, 16, 17, 18, 22, 24, 26, 29, 30, 34, 39, 40, 41, 55, 104, 110, 113, 115, 117, 121, 123, 135, 147, 151, 162, 168, 186, 212, 215, 223, 227, 232, 234, 239, 243, 255, 268, 280, 307, 310, 314, 316, 317, 317]",320,95.34615384615384,"[15, 18, 20, 21, 22, 24, 24, 26, 28, 32, 32, 37, 38, 42, 43, 59, 88, 107, 119, 170, 172, 174, 228, 309, 312, 319]",80,500,1000,"[2, 7]",False
135,27,135,78.26415094339623,"[4, 7, 8, 10, 11, 11, 12, 13, 16, 17, 17, 18, 19, 19, 21, 23, 24, 24, 25, 30, 33, 35, 37, 39, 41, 43, 54, 61, 64, 67, 73, 82, 86, 98, 105, 106, 106, 108, 110, 120, 123, 126, 126, 128, 130, 132, 135, 224, 241, 243, 245, 248, 250]",251,73.0,"[4, 5, 6, 8, 9, 12, 15, 17, 21, 26, 32, 37, 44, 45, 46, 48, 70, 71, 99, 110, 118, 127, 157, 161, 200, 236, 247]",80,500,1000,"[2, 7]",False
136,27,136,76.66037735849056,"[4, 6, 6, 8, 9, 11, 11, 14, 15, 15, 16, 16, 17, 18, 18, 19, 19, 20, 20, 21, 21, 22, 23, 25, 26, 27, 28, 29, 29, 29, 31, 33, 35, 41, 43, 45, 47, 51, 52, 53, 55, 117, 158, 174, 227, 271, 286, 292, 296, 299, 303, 305, 307]",308,86.03703703703704,"[3, 4, 8, 10, 12, 12, 14, 14, 21, 32, 35, 37, 38, 39, 42, 49, 75, 89, 129, 136, 142, 188, 196, 199, 221, 277, 301]",80,500,1000,"[2, 7]",False
137,27,137,128.75471698113208,"[5, 5, 7, 7, 8, 9, 9, 10, 11, 12, 14, 16, 20, 23, 25, 29, 39, 41, 60, 66, 68, 76, 81, 88, 90, 91, 93, 95, 96, 129, 140, 146, 157, 167, 170, 189, 203, 217, 219, 233, 237, 256, 261, 279, 281, 283, 285, 288, 292, 295, 297, 302, 304]",305,119.07407407407408,"[7, 11, 13, 18, 18, 21, 55, 69, 76, 79, 80, 83, 84, 86, 92, 93, 108, 115, 125, 137, 155, 261, 266, 277, 287, 299, 300]",80,500,1000,"[2, 7]",False
138,27,138,92.0,"[3, 3, 5, 10, 11, 12, 15, 16, 16, 17, 17, 19, 19, 19, 19, 20, 21, 22, 22, 23, 26, 26, 26, 28, 29, 30, 31, 31, 33, 35, 37, 39, 40, 41, 106, 109, 131, 138, 139, 155, 157, 161, 163, 170, 220, 273, 280, 312, 315, 319, 321, 322, 324]",325,90.25925925925925,"[6, 7, 8, 9, 12, 13, 14, 24, 26, 33, 33, 36, 38, 45, 53, 73, 98, 122, 132, 136, 151, 153, 159, 222, 251, 266, 317]",80,500,1000,"[2, 7]",False
139,27,139,51.075471698113205,"[6, 9, 10, 11, 11, 11, 11, 15, 16, 16, 17, 19, 19, 20, 20, 22, 24, 24, 27, 30, 31, 32, 33, 34, 35, 37, 37, 39, 41, 41, 43, 43, 45, 45, 46, 47, 47, 51, 52, 55, 69, 73, 75, 79, 95, 124, 136, 139, 141, 146, 150, 152, 156]",157,50.25925925925926,"[3, 4, 5, 6, 6, 9, 9, 13, 13, 14, 16, 18, 25, 26, 28, 32, 39, 49, 53, 71, 77, 122, 130, 132, 148, 154, 155]",80,500,1000,"[2, 7]",False
140,28,140,31.346153846153847,"[4, 6, 7, 8, 8, 10, 10, 12, 14, 14, 15, 15, 15, 16, 17, 18, 19, 20, 20, 21, 22, 23, 24, 26, 27, 28, 29, 30, 32, 34, 35, 36, 37, 39, 39, 40, 41, 43, 43, 45, 45, 47, 47, 48, 49, 50, 57, 59, 67, 71, 73, 75]",76,32.17857142857143,"[3, 3, 9, 11, 12, 13, 17, 18, 24, 25, 25, 26, 28, 31, 32, 37, 39, 39, 41, 42, 44, 44, 45, 51, 53, 55, 65, 69]",80,500,1000,"[2, 7]",False
141,28,141,61.17307692307692,"[0, 4, 6, 8, 8, 9, 10, 12, 13, 16, 16, 17, 18, 19, 20, 20, 20, 21, 22, 22, 28, 28, 29, 30, 30, 32, 33, 34, 36, 37, 38, 41, 41, 43, 44, 49, 77, 79, 97, 100, 108, 111, 113, 128, 133, 169, 185, 187, 205, 209, 211, 215]",218,64.03571428571429,"[2, 5, 7, 7, 11, 12, 12, 13, 15, 18, 19, 32, 39, 43, 48, 51, 54, 57, 76, 96, 103, 106, 108, 110, 115, 204, 213, 217]",80,500,1000,"[2, 7]",False
142,28,142,54.65384615384615,"[4, 5, 6, 8, 8, 9, 10, 11, 12, 13, 16, 16, 18, 19, 20, 24, 25, 26, 30, 30, 31, 32, 36, 37, 38, 40, 42, 44, 53, 56, 59, 60, 68, 79, 81, 82, 90, 92, 94, 94, 105, 107, 108, 109, 110, 110, 111, 112, 112, 113, 113, 114]",115,42.714285714285715,"[5, 6, 6, 8, 9, 12, 12, 13, 16, 20, 21, 22, 27, 31, 33, 34, 44, 46, 47, 48, 75, 84, 85, 88, 91, 99, 105, 109]",80,500,1000,"[2, 7]",False
143,28,143,48.86538461538461,"[2, 4, 5, 5, 8, 9, 10, 13, 14, 14, 15, 17, 18, 19, 20, 20, 20, 21, 23, 25, 25, 27, 29, 31, 31, 33, 33, 36, 37, 38, 38, 41, 41, 42, 46, 49, 54, 60, 62, 65, 67, 75, 76, 86, 90, 113, 116, 132, 136, 182, 183, 185]",192,68.5,"[0, 7, 9, 13, 17, 23, 23, 27, 29, 30, 35, 36, 36, 39, 59, 63, 68, 69, 72, 82, 84, 88, 130, 142, 170, 187, 189, 191]",80,500,1000,"[2, 7]",False
144,28,144,47.11538461538461,"[3, 3, 3, 3, 4, 7, 8, 9, 10, 12, 13, 13, 14, 15, 15, 18, 18, 19, 19, 20, 21, 27, 28, 28, 30, 30, 32, 34, 34, 36, 40, 42, 50, 53, 58, 66, 67, 70, 71, 71, 73, 76, 77, 80, 96, 103, 119, 131, 141, 144, 146, 150]",151,55.214285714285715,"[6, 7, 16, 21, 22, 23, 24, 25, 25, 26, 32, 32, 36, 38, 46, 48, 54, 64, 68, 72, 74, 76, 79, 79, 126, 136, 143, 148]",80,500,1000,"[2, 7]",False
145,29,145,83.47058823529412,"[4, 5, 6, 6, 7, 10, 11, 12, 14, 16, 16, 17, 17, 19, 20, 21, 23, 23, 24, 26, 26, 27, 28, 30, 30, 30, 32, 34, 34, 37, 38, 99, 134, 137, 143, 145, 148, 150, 166, 173, 183, 189, 191, 193, 195, 200, 211, 228, 239, 244, 246]",249,96.79310344827586,"[3, 8, 10, 10, 14, 15, 17, 18, 20, 20, 22, 29, 49, 80, 97, 99, 122, 127, 133, 139, 146, 149, 154, 185, 187, 230, 234, 242, 248]",80,500,1000,"[2, 7]",False
146,29,146,41.490196078431374,"[5, 6, 8, 14, 16, 18, 19, 21, 22, 24, 25, 26, 28, 29, 29, 30, 32, 33, 33, 34, 36, 36, 37, 38, 41, 41, 42, 43, 44, 45, 46, 46, 48, 48, 49, 50, 51, 51, 56, 61, 62, 65, 65, 66, 67, 68, 70, 70, 72, 74, 76]",79,33.241379310344826,"[3, 6, 8, 10, 10, 10, 12, 16, 19, 20, 20, 22, 26, 27, 32, 35, 39, 41, 42, 44, 47, 49, 52, 53, 54, 58, 63, 68, 78]",80,500,1000,"[2, 7]",False
147,29,147,69.82352941176471,"[2, 2, 6, 6, 9, 10, 14, 16, 16, 17, 18, 19, 21, 21, 23, 23, 24, 26, 26, 28, 28, 31, 32, 32, 34, 38, 38, 40, 58, 73, 80, 88, 94, 102, 106, 108, 108, 117, 119, 120, 127, 146, 159, 161, 162, 169, 171, 172, 172, 174, 175]",177,63.13793103448276,"[7, 9, 12, 12, 13, 17, 18, 21, 26, 30, 32, 36, 36, 42, 42, 45, 55, 55, 62, 67, 91, 112, 116, 121, 123, 135, 154, 166, 176]",80,500,1000,"[2, 7]",False
148,29,148,38.529411764705884,"[3, 4, 4, 5, 5, 7, 8, 9, 10, 11, 12, 13, 13, 13, 15, 17, 19, 20, 21, 22, 22, 23, 24, 24, 25, 26, 27, 27, 29, 29, 30, 30, 33, 37, 46, 60, 62, 64, 66, 66, 68, 68, 72, 73, 91, 97, 99, 101, 103, 105, 107]",108,35.793103448275865,"[3, 6, 10, 15, 15, 17, 19, 20, 24, 29, 31, 32, 32, 34, 34, 35, 37, 38, 40, 40, 40, 43, 44, 56, 62, 64, 69, 70, 79]",80,500,1000,"[2, 7]",False
149,29,149,199.6078431372549,"[2, 4, 7, 8, 9, 10, 12, 12, 12, 16, 18, 20, 22, 25, 25, 26, 30, 39, 40, 41, 47, 77, 86, 88, 244, 263, 281, 286, 295, 307, 311, 323, 328, 333, 335, 339, 343, 345, 365, 367, 371, 393, 400, 401, 405, 406, 409, 411, 413, 414, 416]",417,146.0,"[3, 7, 8, 14, 16, 16, 18, 20, 23, 24, 28, 28, 36, 44, 45, 81, 103, 113, 222, 224, 240, 288, 319, 352, 363, 389, 396, 398, 416]",80,500,1000,"[2, 7]",False
150,30,150,71.54,"[4, 6, 9, 13, 14, 15, 15, 16, 16, 17, 18, 19, 19, 20, 21, 22, 25, 26, 27, 28, 30, 31, 34, 38, 44, 53, 76, 79, 85, 88, 91, 93, 100, 102, 103, 108, 111, 114, 115, 119, 120, 122, 126, 128, 129, 150, 194, 212, 216, 216]",217,87.53333333333333,"[4, 4, 9, 9, 11, 12, 21, 24, 29, 36, 40, 64, 67, 77, 98, 104, 106, 106, 110, 113, 117, 118, 124, 125, 128, 133, 205, 208, 210, 214]",80,500,1000,"[2, 7]",False
151,30,151,59.28,"[4, 4, 4, 5, 6, 6, 10, 11, 12, 13, 13, 13, 14, 16, 16, 16, 18, 20, 22, 22, 24, 25, 26, 28, 29, 33, 34, 35, 38, 39, 41, 41, 42, 50, 54, 54, 60, 60, 63, 65, 67, 102, 119, 207, 217, 226, 229, 234, 238, 239]",240,45.1,"[7, 7, 7, 9, 9, 14, 15, 16, 17, 18, 18, 19, 20, 21, 27, 30, 31, 33, 36, 37, 40, 43, 44, 46, 48, 63, 69, 142, 231, 236]",80,500,1000,"[2, 7]",False
152,30,152,111.06,"[2, 6, 6, 7, 8, 10, 10, 15, 16, 17, 19, 20, 20, 21, 21, 22, 26, 28, 30, 52, 54, 55, 57, 60, 60, 62, 80, 93, 134, 136, 141, 163, 168, 181, 190, 193, 218, 223, 225, 233, 235, 237, 238, 239, 244, 252, 254, 256, 257, 259]",260,69.06666666666666,"[4, 5, 6, 6, 7, 10, 11, 12, 14, 14, 16, 17, 18, 30, 34, 40, 45, 48, 51, 58, 58, 74, 90, 103, 172, 195, 216, 228, 241, 249]",80,500,1000,"[2, 7]",False
153,30,153,89.42,"[3, 3, 5, 6, 9, 10, 11, 11, 12, 13, 15, 19, 20, 22, 23, 27, 29, 31, 33, 35, 36, 40, 40, 42, 44, 50, 52, 53, 56, 58, 62, 118, 120, 124, 143, 147, 155, 162, 164, 165, 175, 177, 188, 193, 222, 250, 267, 272, 278, 281]",283,134.8,"[4, 6, 12, 15, 17, 25, 32, 37, 38, 40, 42, 47, 56, 60, 122, 129, 149, 157, 196, 214, 216, 252, 255, 257, 273, 274, 277, 279, 281, 282]",80,500,1000,"[2, 7]",False
154,30,154,74.52,"[3, 5, 5, 6, 7, 9, 9, 11, 11, 12, 13, 15, 17, 18, 19, 20, 20, 22, 24, 26, 31, 40, 50, 54, 56, 58, 60, 63, 64, 66, 77, 86, 95, 96, 111, 113, 130, 134, 145, 149, 159, 164, 168, 175, 180, 183, 185, 186, 187, 189]",192,74.66666666666667,"[4, 4, 9, 16, 18, 22, 23, 24, 27, 27, 28, 33, 38, 47, 51, 52, 57, 59, 62, 82, 117, 136, 143, 147, 153, 161, 165, 167, 177, 191]",80,500,1000,"[2, 7]",False
155,31,155,49.183673469387756,"[3, 4, 5, 5, 7, 8, 10, 10, 12, 12, 14, 16, 16, 16, 18, 19, 19, 21, 21, 22, 23, 23, 24, 25, 25, 27, 28, 29, 31, 32, 32, 34, 34, 36, 36, 38, 40, 42, 44, 48, 50, 52, 124, 152, 165, 234, 238, 242, 244]",245,73.3225806451613,"[6, 7, 9, 15, 17, 18, 20, 20, 22, 24, 26, 26, 28, 29, 30, 30, 31, 36, 37, 43, 46, 66, 118, 122, 155, 172, 210, 215, 219, 236, 240]",80,500,1000,"[2, 7]",False
156,31,156,63.224489795918366,"[4, 4, 4, 6, 7, 8, 9, 9, 9, 10, 13, 13, 15, 15, 20, 20, 20, 20, 21, 22, 25, 27, 31, 34, 37, 47, 55, 64, 65, 67, 68, 73, 74, 79, 80, 82, 86, 88, 102, 115, 129, 143, 166, 172, 174, 177, 179, 190, 220]",221,95.25806451612904,"[7, 11, 13, 14, 15, 17, 18, 21, 23, 29, 31, 32, 32, 41, 54, 61, 69, 76, 84, 97, 150, 181, 182, 199, 205, 210, 214, 215, 216, 217, 219]",80,500,1000,"[2, 7]",False
157,31,157,72.24489795918367,"[4, 5, 6, 7, 8, 11, 11, 13, 13, 15, 15, 17, 19, 23, 23, 24, 25, 26, 27, 27, 29, 33, 33, 33, 34, 37, 45, 49, 51, 52, 56, 58, 64, 78, 100, 105, 140, 155, 157, 167, 171, 181, 185, 195, 197, 198, 203, 207, 208]",213,60.096774193548384,"[2, 7, 9, 9, 11, 13, 16, 21, 21, 21, 25, 29, 30, 31, 32, 35, 37, 39, 41, 41, 43, 47, 51, 54, 72, 91, 199, 205, 209, 210, 212]",80,500,1000,"[2, 7]",False
158,31,158,96.08163265306122,"[3, 4, 4, 5, 6, 7, 7, 8, 9, 9, 9, 10, 11, 15, 18, 19, 19, 20, 21, 23, 30, 33, 36, 36, 42, 44, 47, 50, 55, 59, 65, 85, 89, 91, 92, 92, 95, 172, 188, 236, 299, 301, 305, 314, 317, 324, 326, 328, 330]",331,55.483870967741936,"[2, 4, 5, 8, 9, 12, 13, 16, 17, 18, 19, 26, 28, 30, 32, 38, 46, 53, 57, 61, 62, 67, 75, 77, 80, 82, 87, 94, 95, 185, 322]",80,500,1000,"[2, 7]",False
159,31,159,87.18367346938776,"[2, 3, 6, 7, 8, 8, 9, 11, 12, 14, 14, 14, 17, 17, 18, 20, 22, 26, 26, 28, 30, 32, 33, 33, 35, 39, 41, 43, 66, 71, 83, 88, 98, 99, 169, 173, 183, 186, 189, 190, 192, 194, 197, 197, 205, 274, 280, 284, 286]",287,76.6774193548387,"[3, 3, 5, 7, 13, 16, 17, 20, 20, 22, 24, 26, 27, 27, 30, 31, 34, 37, 37, 39, 45, 50, 74, 119, 174, 187, 195, 265, 271, 277, 282]",80,500,1000,"[2, 7]",False
160,32,160,34.208333333333336,"[3, 3, 4, 5, 6, 9, 9, 10, 11, 14, 14, 14, 15, 16, 16, 17, 18, 19, 20, 20, 21, 22, 22, 23, 23, 24, 25, 26, 27, 30, 30, 31, 32, 32, 33, 36, 36, 39, 43, 83, 84, 88, 91, 92, 96, 100, 104, 106]",107,39.40625,"[6, 8, 12, 14, 16, 18, 19, 20, 21, 22, 22, 24, 26, 27, 29, 30, 34, 35, 35, 36, 37, 37, 40, 41, 43, 57, 82, 86, 90, 94, 98, 102]",80,500,1000,"[2, 7]",False
161,32,161,103.5,"[2, 4, 5, 6, 6, 7, 9, 9, 11, 14, 16, 16, 18, 20, 21, 21, 23, 25, 26, 26, 28, 29, 30, 30, 32, 33, 36, 40, 42, 78, 92, 105, 165, 166, 172, 198, 203, 219, 221, 230, 233, 235, 237, 357, 360, 368, 371, 373]",381,115.5625,"[4, 10, 12, 12, 15, 16, 19, 26, 26, 28, 31, 32, 34, 35, 37, 38, 38, 40, 42, 45, 94, 104, 189, 207, 217, 239, 241, 358, 375, 376, 378, 380]",80,500,1000,"[2, 7]",False
162,32,162,89.22916666666667,"[5, 5, 6, 6, 8, 8, 9, 11, 12, 13, 13, 13, 15, 16, 17, 17, 18, 22, 23, 23, 25, 27, 31, 31, 33, 39, 41, 42, 45, 49, 49, 84, 95, 102, 121, 173, 191, 195, 202, 208, 210, 211, 288, 300, 305, 307, 309, 310]",311,99.65625,"[10, 15, 19, 20, 21, 24, 27, 29, 35, 35, 37, 37, 40, 41, 43, 44, 45, 47, 47, 52, 93, 122, 171, 183, 193, 205, 206, 213, 215, 303, 308, 309]",80,500,1000,"[2, 7]",False
163,32,163,86.3125,"[2, 3, 7, 9, 9, 10, 11, 12, 12, 14, 15, 15, 16, 17, 17, 19, 39, 41, 45, 61, 62, 64, 64, 73, 75, 79, 81, 84, 97, 115, 120, 122, 124, 128, 128, 144, 146, 155, 162, 175, 181, 191, 193, 196, 199, 202, 204, 205]",207,111.78125,"[3, 5, 8, 12, 20, 21, 27, 31, 37, 90, 91, 94, 94, 99, 102, 140, 140, 150, 151, 152, 153, 156, 157, 159, 159, 163, 178, 183, 195, 197, 204, 206]",80,500,1000,"[2, 7]",False
164,32,164,82.9375,"[4, 5, 5, 6, 9, 10, 10, 11, 12, 13, 18, 19, 19, 20, 21, 23, 24, 25, 26, 27, 29, 33, 45, 47, 49, 51, 52, 55, 57, 58, 59, 60, 61, 65, 84, 130, 139, 141, 177, 184, 194, 216, 266, 281, 283, 285, 286, 287]",288,62.6875,"[3, 5, 7, 8, 9, 13, 14, 14, 16, 16, 18, 18, 19, 22, 31, 34, 38, 39, 43, 55, 56, 57, 61, 63, 66, 78, 117, 125, 196, 238, 253, 274]",80,500,1000,"[2, 7]",False
165,33,165,89.36170212765957,"[2, 3, 7, 12, 13, 14, 15, 15, 16, 17, 18, 20, 20, 21, 21, 22, 24, 26, 34, 38, 40, 44, 48, 50, 72, 80, 94, 102, 105, 111, 115, 119, 121, 125, 127, 129, 131, 133, 134, 171, 202, 231, 261, 272, 273, 275, 277]",283,83.63636363636364,"[4, 4, 6, 8, 10, 13, 16, 17, 21, 25, 27, 29, 30, 31, 32, 41, 46, 50, 54, 62, 84, 86, 90, 117, 121, 128, 131, 159, 212, 265, 279, 280, 282]",80,500,1000,"[2, 7]",False
166,33,166,69.59574468085107,"[3, 5, 5, 6, 7, 7, 7, 10, 10, 12, 14, 14, 17, 19, 19, 20, 21, 21, 22, 23, 24, 24, 26, 27, 29, 31, 34, 40, 41, 44, 46, 47, 48, 77, 100, 109, 112, 123, 148, 204, 212, 231, 243, 245, 246, 248, 250]",252,69.87878787878788,"[3, 5, 9, 12, 12, 15, 18, 20, 22, 24, 26, 31, 31, 36, 38, 41, 43, 45, 48, 71, 75, 91, 100, 103, 107, 111, 114, 136, 139, 150, 152, 227, 251]",80,500,1000,"[2, 7]",False
167,33,167,74.53191489361703,"[3, 5, 6, 6, 7, 8, 10, 11, 12, 15, 16, 18, 20, 22, 22, 22, 24, 26, 27, 30, 33, 37, 38, 39, 54, 58, 60, 78, 92, 101, 109, 113, 118, 122, 123, 125, 139, 144, 150, 151, 152, 154, 193, 199, 201, 203, 207]",208,73.12121212121212,"[4, 5, 7, 8, 8, 9, 13, 13, 16, 16, 18, 25, 26, 28, 28, 34, 36, 50, 72, 97, 103, 107, 119, 127, 128, 129, 130, 132, 148, 180, 195, 197, 205]",80,500,1000,"[2, 7]",False
168,33,168,67.59574468085107,"[3, 5, 5, 5, 7, 7, 9, 11, 12, 13, 15, 16, 17, 17, 18, 18, 19, 19, 21, 21, 22, 27, 29, 29, 29, 31, 34, 34, 46, 71, 82, 94, 98, 99, 107, 140, 154, 159, 164, 165, 170, 173, 188, 191, 193, 194, 196]",199,64.12121212121212,"[3, 7, 8, 10, 11, 12, 13, 14, 14, 15, 15, 18, 20, 20, 21, 24, 33, 38, 43, 50, 67, 87, 87, 94, 96, 106, 119, 166, 168, 171, 171, 197, 198]",80,500,1000,"[2, 7]",False
169,33,169,106.04255319148936,"[2, 3, 4, 6, 6, 6, 9, 10, 11, 12, 13, 13, 22, 26, 32, 38, 39, 49, 58, 65, 68, 96, 99, 101, 109, 112, 114, 118, 120, 121, 141, 148, 152, 159, 163, 168, 170, 173, 175, 179, 198, 237, 277, 286, 288, 293, 295]",296,99.51515151515152,"[3, 15, 15, 15, 17, 20, 21, 22, 23, 29, 30, 35, 37, 39, 41, 47, 87, 105, 109, 111, 116, 120, 127, 129, 145, 166, 170, 177, 179, 259, 290, 292, 293]",80,500,1000,"[2, 7]",False
170,34,170,134.0,"[2, 4, 5, 7, 7, 10, 15, 17, 20, 20, 22, 29, 33, 36, 36, 38, 39, 40, 43, 69, 80, 105, 114, 121, 122, 134, 149, 157, 170, 181, 186, 200, 201, 227, 256, 267, 277, 278, 280, 281, 282, 299, 307, 330, 333, 335]",338,99.6470588235294,"[3, 7, 9, 10, 12, 12, 13, 16, 17, 20, 25, 29, 31, 33, 35, 38, 42, 42, 44, 45, 56, 66, 69, 126, 130, 132, 164, 221, 284, 326, 328, 332, 334, 337]",80,500,1000,"[2, 7]",False
171,34,171,50.73913043478261,"[5, 7, 8, 10, 10, 10, 11, 11, 12, 13, 13, 14, 15, 16, 17, 18, 18, 19, 20, 22, 24, 26, 27, 29, 34, 35, 37, 37, 39, 41, 41, 42, 45, 51, 53, 64, 119, 134, 138, 140, 142, 146, 150, 155, 157, 159]",164,45.794117647058826,"[6, 8, 8, 12, 13, 15, 16, 19, 20, 20, 21, 24, 24, 25, 27, 27, 29, 31, 32, 33, 35, 36, 39, 40, 43, 47, 49, 55, 60, 131, 138, 150, 161, 163]",80,500,1000,"[2, 7]",False
172,34,172,160.91304347826087,"[4, 5, 6, 8, 9, 9, 11, 11, 13, 14, 14, 17, 34, 38, 44, 44, 107, 112, 133, 137, 155, 179, 208, 210, 212, 217, 219, 227, 236, 237, 240, 243, 249, 253, 265, 271, 279, 281, 283, 304, 306, 308, 310, 311, 314, 315]",316,133.55882352941177,"[15, 16, 18, 19, 19, 21, 27, 31, 32, 36, 38, 40, 42, 66, 83, 93, 102, 109, 124, 178, 182, 189, 202, 206, 232, 235, 239, 241, 242, 267, 268, 302, 312, 315]",80,500,1000,"[2, 7]",False
173,34,173,66.30434782608695,"[5, 5, 8, 9, 11, 12, 13, 16, 17, 18, 20, 20, 21, 22, 22, 23, 24, 24, 27, 27, 29, 30, 31, 32, 33, 35, 37, 38, 41, 43, 78, 80, 84, 86, 88, 90, 93, 106, 119, 150, 186, 233, 238, 240, 242, 244]",247,58.44117647058823,"[3, 3, 4, 7, 8, 9, 10, 14, 15, 16, 22, 24, 26, 29, 30, 31, 33, 35, 36, 38, 39, 43, 47, 49, 51, 72, 74, 92, 98, 145, 179, 224, 235, 246]",80,500,1000,"[2, 7]",False
174,34,174,82.34782608695652,"[5, 7, 8, 9, 10, 11, 12, 15, 15, 17, 18, 19, 21, 23, 24, 26, 27, 27, 30, 32, 36, 37, 39, 41, 45, 53, 55, 59, 94, 98, 104, 148, 150, 152, 156, 177, 181, 183, 188, 193, 195, 203, 209, 210, 213, 213]",214,70.6470588235294,"[3, 4, 5, 7, 7, 8, 11, 14, 15, 19, 20, 21, 22, 24, 24, 30, 32, 34, 34, 43, 51, 55, 57, 122, 124, 137, 143, 158, 163, 185, 205, 206, 207, 212]",80,500,1000,"[2, 7]",False
175,35,175,53.55555555555556,"[2, 2, 3, 6, 7, 8, 8, 9, 9, 9, 10, 12, 12, 13, 14, 16, 17, 19, 21, 21, 24, 24, 28, 32, 34, 35, 39, 41, 44, 45, 47, 51, 69, 73, 75, 81, 83, 106, 156, 162, 167, 179, 195, 200, 202]",205,57.0,"[3, 5, 9, 11, 14, 16, 17, 17, 19, 21, 23, 25, 26, 32, 37, 37, 40, 43, 43, 46, 47, 49, 55, 60, 64, 65, 77, 79, 79, 82, 84, 175, 193, 198, 204]",80,500,1000,"[2, 7]",False
176,35,176,86.02222222222223,"[4, 4, 6, 6, 6, 8, 8, 11, 11, 14, 16, 17, 18, 21, 24, 26, 26, 31, 36, 38, 41, 42, 43, 47, 48, 49, 62, 104, 121, 137, 143, 145, 147, 148, 150, 151, 191, 208, 210, 214, 218, 226, 229, 232, 234]",238,87.74285714285715,"[4, 6, 9, 13, 14, 14, 18, 21, 21, 24, 25, 29, 30, 34, 38, 39, 43, 44, 46, 52, 60, 68, 76, 101, 141, 152, 168, 198, 216, 220, 222, 222, 231, 235, 237]",80,500,1000,"[2, 7]",False
177,35,177,59.68888888888889,"[4, 5, 9, 11, 12, 13, 15, 16, 16, 17, 18, 18, 19, 21, 21, 23, 23, 23, 25, 25, 29, 33, 35, 38, 44, 56, 58, 65, 66, 67, 68, 69, 70, 77, 82, 100, 109, 117, 129, 142, 160, 162, 190, 192, 194]",196,61.65714285714286,"[6, 7, 9, 11, 12, 14, 14, 17, 18, 19, 21, 21, 22, 31, 34, 41, 41, 47, 49, 51, 53, 58, 60, 62, 70, 74, 93, 98, 102, 115, 140, 176, 186, 191, 195]",80,500,1000,"[2, 7]",False
178,35,178,67.4888888888889,"[2, 3, 5, 6, 10, 11, 11, 11, 12, 13, 15, 15, 18, 19, 21, 24, 26, 28, 29, 33, 35, 36, 37, 42, 44, 45, 46, 47, 55, 57, 61, 63, 66, 68, 70, 124, 134, 185, 190, 215, 217, 219, 221, 223, 225]",226,52.42857142857143,"[4, 7, 7, 8, 9, 12, 15, 15, 16, 16, 19, 22, 25, 26, 26, 28, 31, 34, 39, 39, 42, 47, 48, 53, 71, 72, 74, 74, 82, 99, 103, 126, 169, 179, 198]",80,500,1000,"[2, 7]",False
179,35,179,46.68888888888889,"[1, 5, 7, 9, 9, 10, 12, 12, 13, 14, 17, 17, 19, 22, 23, 25, 26, 28, 28, 29, 30, 32, 34, 38, 40, 40, 41, 42, 42, 42, 46, 46, 54, 61, 71, 81, 85, 87, 90, 109, 114, 128, 138, 140, 144]",145,43.77142857142857,"[2, 3, 6, 7, 8, 11, 11, 14, 14, 15, 16, 17, 20, 20, 22, 23, 23, 24, 25, 27, 28, 30, 36, 44, 69, 71, 74, 79, 84, 86, 88, 125, 132, 136, 142]",80,500,1000,"[2, 7]",False
180,36,180,96.70454545454545,"[7, 8, 8, 10, 11, 12, 15, 17, 18, 19, 20, 20, 20, 21, 21, 24, 24, 28, 30, 32, 32, 37, 52, 59, 61, 75, 82, 98, 113, 114, 116, 123, 125, 129, 210, 212, 215, 225, 276, 281, 283, 317, 323, 332]",339,87.05555555555556,"[6, 6, 8, 8, 10, 10, 13, 14, 16, 16, 18, 18, 21, 22, 23, 23, 24, 25, 26, 27, 30, 34, 36, 52, 69, 105, 118, 122, 126, 128, 313, 329, 330, 334, 336, 338]",80,500,1000,"[2, 7]",False
181,36,181,59.18181818181818,"[3, 8, 9, 9, 12, 14, 14, 15, 17, 17, 17, 17, 19, 20, 21, 25, 26, 26, 28, 28, 32, 32, 35, 37, 40, 42, 51, 91, 97, 99, 105, 105, 109, 111, 120, 122, 125, 127, 128, 129, 129, 130, 131, 132]",133,55.80555555555556,"[5, 6, 8, 8, 10, 11, 13, 13, 14, 15, 21, 23, 23, 30, 30, 32, 34, 40, 42, 45, 57, 64, 70, 75, 76, 83, 87, 89, 116, 118, 119, 124, 125, 126, 127, 130]",80,500,1000,"[2, 7]",False
182,36,182,43.06818181818182,"[2, 4, 4, 6, 7, 8, 8, 8, 9, 12, 12, 13, 15, 15, 16, 17, 20, 20, 20, 21, 23, 23, 24, 25, 29, 29, 33, 33, 35, 36, 37, 37, 39, 52, 81, 85, 99, 116, 126, 134, 137, 139, 141, 145]",148,55.19444444444444,"[3, 6, 7, 10, 10, 11, 12, 13, 14, 14, 17, 18, 21, 22, 22, 27, 27, 28, 30, 31, 31, 33, 35, 40, 45, 101, 119, 128, 130, 132, 137, 139, 141, 143, 143, 147]",80,500,1000,"[2, 7]",False
183,36,183,82.06818181818181,"[3, 4, 5, 6, 6, 7, 12, 12, 15, 17, 19, 20, 21, 34, 34, 36, 36, 38, 38, 40, 42, 46, 49, 59, 70, 86, 95, 95, 107, 107, 141, 146, 151, 155, 158, 160, 166, 182, 191, 192, 200, 201, 203, 206]",207,52.833333333333336,"[7, 8, 9, 10, 12, 12, 13, 14, 15, 16, 17, 17, 17, 19, 19, 19, 20, 21, 22, 24, 27, 28, 30, 32, 44, 45, 48, 62, 115, 136, 153, 156, 157, 158, 196, 204]",80,500,1000,"[2, 7]",False
184,36,184,55.93181818181818,"[4, 5, 9, 9, 15, 15, 15, 17, 18, 19, 20, 21, 22, 24, 25, 26, 26, 27, 27, 28, 29, 31, 35, 35, 37, 37, 40, 41, 43, 47, 49, 51, 55, 58, 61, 67, 69, 73, 193, 204, 206, 208, 209, 211]",214,50.47222222222222,"[3, 5, 7, 7, 8, 11, 13, 13, 17, 18, 19, 22, 22, 24, 31, 33, 33, 39, 41, 41, 43, 44, 45, 53, 56, 60, 62, 63, 65, 70, 71, 75, 77, 202, 211, 213]",80,500,1000,"[2, 7]",False
185,37,185,52.627906976744185,"[4, 7, 11, 12, 12, 13, 14, 16, 18, 18, 19, 20, 21, 26, 27, 28, 29, 29, 31, 31, 33, 33, 37, 37, 37, 39, 39, 41, 44, 45, 46, 48, 50, 54, 58, 133, 136, 148, 157, 160, 164, 168, 170]",171,36.13513513513514,"[3, 5, 7, 7, 8, 9, 9, 11, 12, 13, 14, 15, 16, 18, 19, 20, 21, 22, 24, 24, 27, 31, 35, 35, 35, 37, 38, 43, 44, 46, 46, 48, 62, 66, 139, 162, 166]",80,500,1000,"[2, 7]",False
186,37,186,92.04651162790698,"[2, 8, 8, 14, 14, 16, 20, 24, 26, 30, 32, 33, 40, 40, 60, 71, 73, 77, 82, 85, 87, 87, 99, 109, 111, 116, 124, 133, 136, 137, 139, 140, 143, 145, 158, 160, 161, 164, 165, 166, 171, 175, 177]",178,78.75675675675676,"[5, 6, 7, 9, 9, 10, 11, 12, 16, 21, 22, 23, 28, 31, 35, 37, 53, 60, 81, 94, 102, 105, 113, 119, 122, 128, 130, 134, 136, 138, 142, 154, 156, 160, 163, 169, 173]",80,500,1000,"[2, 7]",False
187,37,187,101.79069767441861,"[4, 5, 6, 7, 8, 9, 10, 12, 13, 18, 20, 25, 26, 26, 29, 30, 33, 35, 35, 40, 44, 97, 105, 107, 107, 110, 117, 145, 147, 151, 159, 178, 203, 204, 223, 229, 231, 233, 237, 238, 239, 240, 242]",243,84.45945945945945,"[4, 7, 8, 12, 16, 18, 21, 22, 22, 23, 24, 27, 28, 31, 33, 33, 37, 42, 42, 52, 58, 64, 70, 119, 122, 124, 139, 149, 152, 154, 178, 192, 198, 209, 227, 233, 235]",80,500,1000,"[2, 7]",False
188,37,188,76.23255813953489,"[2, 4, 5, 6, 7, 8, 8, 8, 12, 12, 14, 16, 16, 16, 17, 19, 20, 22, 24, 24, 26, 38, 40, 42, 47, 48, 56, 80, 98, 101, 110, 118, 122, 132, 150, 177, 222, 229, 233, 234, 235, 240, 240]",243,92.56756756756756,"[6, 8, 9, 10, 12, 14, 14, 17, 18, 20, 21, 22, 26, 30, 31, 31, 33, 35, 45, 48, 50, 61, 64, 64, 138, 145, 164, 199, 210, 218, 234, 235, 237, 237, 238, 239, 242]",80,500,1000,"[2, 7]",False
189,37,189,90.25581395348837,"[2, 2, 6, 7, 9, 14, 15, 18, 19, 19, 20, 22, 25, 27, 27, 30, 31, 33, 41, 43, 43, 45, 49, 49, 51, 57, 59, 64, 70, 76, 78, 132, 136, 170, 181, 245, 270, 278, 280, 282, 284, 285, 287]",288,48.08108108108108,"[3, 4, 5, 7, 9, 10, 10, 11, 13, 13, 15, 17, 17, 18, 18, 20, 24, 29, 29, 31, 31, 33, 33, 35, 39, 45, 47, 55, 56, 59, 61, 72, 74, 195, 211, 213, 217]",80,500,1000,"[2, 7]",False
190,38,190,97.57142857142857,"[3, 6, 7, 9, 10, 10, 12, 13, 16, 16, 18, 18, 20, 20, 21, 22, 22, 25, 26, 30, 33, 36, 36, 42, 69, 82, 86, 92, 108, 123, 133, 155, 183, 191, 222, 297, 301, 314, 315, 317, 319, 320]",321,88.39473684210526,"[4, 6, 8, 11, 12, 13, 14, 18, 25, 26, 31, 33, 34, 35, 37, 38, 38, 39, 39, 40, 40, 42, 84, 91, 95, 96, 104, 116, 138, 177, 181, 185, 187, 189, 266, 269, 291, 307]",80,500,1000,"[2, 7]",False
191,38,191,52.26190476190476,"[0, 3, 4, 8, 9, 10, 11, 13, 13, 14, 16, 16, 16, 18, 19, 20, 20, 22, 23, 24, 28, 30, 37, 43, 47, 49, 49, 51, 59, 63, 65, 69, 75, 87, 93, 96, 96, 100, 154, 203, 210, 212]",219,67.42105263157895,"[3, 8, 9, 12, 12, 15, 18, 21, 25, 25, 25, 25, 27, 29, 31, 31, 33, 39, 41, 42, 43, 45, 52, 53, 61, 78, 81, 81, 90, 97, 98, 99, 158, 199, 208, 214, 216, 218]",80,500,1000,"[2, 7]",False
192,38,192,64.02380952380952,"[3, 4, 6, 11, 13, 15, 15, 16, 17, 18, 18, 20, 20, 22, 23, 24, 25, 27, 28, 31, 32, 33, 35, 35, 40, 40, 45, 62, 68, 68, 79, 108, 112, 149, 162, 164, 166, 167, 184, 190, 196, 198]",199,60.026315789473685,"[4, 5, 7, 7, 10, 14, 16, 17, 19, 20, 21, 21, 23, 23, 25, 25, 26, 29, 30, 33, 34, 37, 39, 46, 52, 64, 64, 76, 86, 95, 118, 147, 156, 158, 160, 188, 192, 194]",80,500,1000,"[2, 7]",False
193,38,193,56.0,"[0, 2, 4, 5, 5, 7, 8, 9, 10, 11, 13, 15, 15, 17, 18, 19, 21, 23, 23, 24, 26, 28, 30, 41, 43, 47, 53, 60, 62, 72, 83, 85, 87, 92, 96, 102, 154, 167, 175, 195, 202, 203]",204,60.39473684210526,"[7, 7, 8, 11, 11, 12, 18, 18, 21, 21, 30, 32, 36, 38, 42, 43, 48, 49, 50, 52, 54, 55, 59, 59, 64, 68, 70, 71, 71, 72, 74, 75, 89, 94, 178, 191, 197, 200]",80,500,1000,"[2, 7]",False
194,38,194,30.857142857142858,"[2, 3, 4, 4, 6, 8, 8, 8, 10, 13, 16, 17, 18, 18, 20, 21, 22, 23, 23, 24, 26, 27, 28, 31, 31, 34, 40, 40, 42, 42, 43, 47, 50, 55, 55, 57, 59, 59, 63, 64, 65, 70]",71,31.736842105263158,"[4, 6, 7, 7, 10, 12, 13, 14, 15, 16, 17, 19, 21, 23, 24, 25, 26, 29, 29, 31, 34, 36, 38, 38, 39, 39, 40, 42, 44, 46, 47, 48, 53, 57, 61, 62, 66, 68]",80,500,1000,"[2, 7]",False
195,39,195,34.19512195121951,"[3, 3, 5, 5, 7, 8, 9, 10, 11, 14, 14, 16, 17, 18, 19, 19, 21, 23, 24, 27, 28, 28, 29, 30, 31, 32, 32, 34, 35, 36, 39, 40, 41, 42, 46, 78, 96, 100, 106, 112, 114]",115,42.205128205128204,"[7, 8, 10, 13, 15, 17, 21, 21, 22, 23, 25, 26, 27, 27, 31, 32, 34, 34, 34, 36, 36, 38, 40, 40, 42, 42, 44, 44, 48, 50, 52, 54, 56, 83, 89, 103, 104, 108, 110]",80,500,1000,"[2, 7]",False
196,39,196,86.26829268292683,"[4, 6, 8, 10, 12, 13, 15, 18, 18, 19, 20, 21, 26, 28, 29, 30, 30, 34, 36, 46, 60, 61, 63, 69, 76, 81, 97, 100, 100, 104, 138, 145, 151, 157, 194, 222, 226, 228, 276, 282, 284]",287,123.8974358974359,"[5, 7, 8, 9, 13, 14, 17, 24, 24, 38, 63, 80, 84, 86, 88, 91, 93, 96, 98, 102, 104, 106, 122, 125, 128, 154, 161, 172, 191, 217, 220, 224, 226, 230, 278, 280, 283, 285, 286]",80,500,1000,"[2, 7]",False
197,39,197,57.09756097560975,"[2, 5, 8, 10, 12, 14, 15, 16, 16, 17, 17, 17, 23, 25, 26, 27, 28, 29, 31, 33, 35, 35, 37, 37, 38, 38, 40, 41, 43, 43, 47, 47, 49, 53, 67, 69, 204, 253, 263, 265, 266]",267,60.15384615384615,"[2, 4, 7, 8, 9, 10, 11, 12, 14, 14, 17, 19, 20, 20, 21, 23, 25, 25, 31, 35, 37, 39, 41, 42, 45, 47, 51, 56, 60, 61, 63, 65, 70, 132, 182, 247, 256, 261, 264]",80,500,1000,"[2, 7]",False
198,39,198,44.78048780487805,"[3, 6, 7, 7, 8, 8, 10, 10, 11, 11, 12, 16, 17, 18, 19, 22, 23, 23, 24, 24, 26, 31, 35, 37, 38, 41, 41, 52, 54, 56, 60, 69, 69, 93, 100, 102, 104, 106, 112, 148, 183]",184,79.23076923076923,"[5, 5, 7, 15, 15, 22, 24, 31, 36, 37, 40, 43, 44, 45, 48, 61, 64, 64, 66, 67, 68, 70, 77, 83, 89, 102, 104, 106, 108, 110, 118, 131, 140, 160, 173, 175, 177, 179, 181]",80,500,1000,"[2, 7]",False
199,39,199,55.170731707317074,"[2, 5, 6, 8, 9, 10, 12, 12, 16, 18, 22, 24, 26, 27, 30, 33, 33, 35, 35, 35, 37, 39, 39, 40, 41, 42, 42, 42, 43, 47, 52, 60, 65, 89, 93, 114, 137, 144, 221, 238, 239]",242,55.23076923076923,"[3, 4, 4, 6, 8, 10, 10, 12, 14, 14, 15, 16, 17, 17, 18, 19, 19, 20, 20, 21, 23, 24, 28, 31, 33, 38, 41, 43, 45, 56, 59, 61, 63, 161, 229, 234, 237, 240, 241]",80,500,1000,"[2, 7]",False
